set,threads,tiling,image,q,bytes,wall_s,cpu_s,ssimu2,md5
kodak,3,auto,kodim20.png,60,28931,0.1651,0.3637,76.8997,ce9f04f14fe334d7a0e561726bc49c65
kodak,1,none,kodim15.png,60,34995,0.2178,0.2176,73.525,6d2a62129d2f2e32387154b7f996a43e
kodak,2,2x2,kodim23.png,55,21395,0.1122,0.1873,73.2653,db708f8603bdc15976ba863130c7e4f1
kodak,4,2x2,kodim15.png,40,14325,0.0821,0.1978,50.0424,5f47850e777be687e2067c393570c233
kodak,1,auto,kodim05.png,80,115280,0.3972,0.397,85.9298,35bc07cf287533af8de8fb826d5d8f22
kodak,8,auto,kodim23.png,70,35122,0.0923,0.2108,80.9167,100a8a39533c4009bd86c91f7cb32826
large,8,2,mosaicB.png,80,742002,0.872,2.5508,84.4568,9d277838dfdb7d00ff43496158475393
kodak,4,auto,kodim19.png,70,58803,0.1153,0.2878,79.0693,e0e68bcc4de9ad50c1a52ae334de43c5
kodak,4,none,kodim15.png,40,14180,0.0833,0.1925,49.8485,724e5f4a7b91c8b4e3f9134570375267
kodak,3,none,kodim19.png,80,79969,0.1404,0.3088,84.1279,58621a3faa260e72d87044ca18cc14f9
kodak,4,2x2,kodim03.png,55,23357,0.0858,0.2094,71.7081,706fd714f84b24a4b1d1744d600eef59
kodak,3,2x2,kodim13.png,65,95243,0.171,0.3955,75.2071,015a7d7a6fb229217dcc12764a58e3e9
kodak,4,none,kodim15.png,55,27983,0.0976,0.2321,68.8395,34692daf05ba6209f2a670ba2ba86f0c
kodak,4,2x2,kodim01.png,60,61015,0.1116,0.3386,71.1521,ace2254231432a838002615aaf22e07e
kodak,3,auto,kodim23.png,40,11850,0.0811,0.16,59.2057,83e41d3c719fce1bf3ec768e7df32d7d
kodak,4,none,kodim21.png,55,33458,0.0899,0.2217,67.6227,9576bfd5f60e337236dceb130dda49a3
kodak,1,2x2,kodim23.png,60,25611,0.1828,0.1824,76.8734,aec3d6d46ab5d39f5ff28fae9e33d368
kodak,4,auto,kodim05.png,80,115301,0.1448,0.4155,85.9175,5fab7ea18dbd98107c7b3e920a9552c5
kodak,3,auto,kodim23.png,60,25358,0.0953,0.1939,76.6959,93859195c526149052b852c87878c12b
kodak,1,none,kodim01.png,60,61046,0.327,0.3268,71.3133,7a35c5019f3ce22dd2d816d229a9fb25
kodak,1,none,kodim05.png,65,73586,0.4079,0.4075,77.4869,97e168d9b4e6d5995f220e3b485f7eb9
kodak,1,auto,kodim23.png,55,21173,0.1748,0.1745,73.2835,867d8f44b432d06d1311cb9c334ab175
kodak,1,none,kodim15.png,80,66606,0.2444,0.2441,83.9522,5d4178b7d486ddd716ade9676f574c15
large,2,2,mosaicB.png,80,742002,1.3117,2.3741,84.4568,9d277838dfdb7d00ff43496158475393
kodak,1,none,kodim15.png,65,39345,0.2214,0.2212,75.9611,23b5d622f1cdc5bf0a630de3bba5f71c
large,3,none,mosaicB.png,60,400461,0.9527,2.3208,73.6119,65398f81cab18c59d9b9215c41380aed
kodak,2,auto,kodim23.png,55,21149,0.1138,0.1886,73.3007,3768a510c8bca8d67d87878468689472
kodak,2,2x2,kodim05.png,65,73950,0.2285,0.4109,77.4176,88be5c841650389edd9b01f60274e4b1
kodak,8,2x2,kodim19.png,80,80290,0.1166,0.3071,84.0696,97e91ad3f4fe5e0451bea1ddf90a54fa
kodak,2,none,kodim20.png,60,28931,0.1967,0.3489,76.8997,ce9f04f14fe334d7a0e561726bc49c65
kodak,8,2x2,kodim23.png,40,12012,0.0734,0.1661,59.2728,3760e2332e69708119e8798fa774f992
large,8,2x2,mosaicA.png,40,186322,0.6949,1.9244,47.5311,8085028dcdcd5f1b5e7105e2c14be072
kodak,4,none,kodim08.png,55,50431,0.1512,0.3964,68.4206,517be095ce442c9c4313ed01081ed15d
kodak,1,none,kodim13.png,65,95357,0.4089,0.4087,75.3578,3cdffb64f5b13ac4ceefb054ccf62eb1
kodak,8,none,kodim15.png,70,48975,0.1134,0.244,79.4673,e8c91646def445775fde6784a027d347
kodak,1,2x2,kodim19.png,65,46958,0.2376,0.2374,74.8794,3928e397a75b992ab9cbc5a558e81f46
kodak,4,none,kodim05.png,80,115301,0.1442,0.4201,85.9175,5fab7ea18dbd98107c7b3e920a9552c5
kodak,1,none,kodim19.png,50,27013,0.2146,0.2143,60.8895,03b25e0e49e1dce2294e477f0b16e5a4
kodak,3,2x2,kodim08.png,40,28704,0.1508,0.3437,50.7372,9c08216bcf5e7f8ca7c618bd4e251659
kodak,8,2x2,kodim05.png,50,45672,0.1229,0.3554,63.8471,4b120e5bc99b7170807a5efffd721b84
kodak,4,none,kodim20.png,60,28931,0.138,0.345,76.8997,ce9f04f14fe334d7a0e561726bc49c65
large,2,2x2,mosaicA.png,80,805813,1.3893,2.499,84.4971,42014794df6de97ed0c603c71d5e96e3
large,4,2,mosaicA.png,80,804991,0.846,2.4538,84.4952,4b1499908bee97b377d2a2d09e7a9885
kodak,4,2x2,kodim20.png,55,23261,0.1184,0.3311,72.2091,25c37189b3d81dff27037fbfc76afa24
kodak,1,none,kodim03.png,40,12716,0.1766,0.1763,55.025,7ed35619ad26b64affd62f23f7655a4d
large,8,none,mosaicA.png,40,186685,0.665,1.8702,47.5224,f88688eb4fb7f7227fd161cffda09f6d
kodak,4,2x2,kodim01.png,50,40801,0.1021,0.3034,58.6818,b7f2fa25ed461089e58e598e09b98573
kodak,4,2x2,kodim19.png,65,46836,0.088,0.2405,74.7916,19874bd7d4704c84fd76de6b04dbb34c
kodak,1,none,kodim15.png,40,14193,0.1742,0.174,49.9014,059ab8e3d5f63287e2cd407891bf8b07
kodak,2,2x2,kodim19.png,50,27128,0.1263,0.2226,60.8031,ed6ed86f45e2d4020f485c57b6845268
kodak,2,auto,kodim19.png,50,26985,0.1254,0.2113,60.7544,7075426d37284e3c49c9890ba21d851e
kodak,1,2x2,kodim21.png,55,33719,0.2087,0.2085,67.8024,f1bd8d61515bdcdc308525c512244395
kodak,1,2x2,kodim03.png,55,23482,0.194,0.1937,71.8451,c3671f40804e21e520a0767df822b188
kodak,3,2x2,kodim13.png,40,35373,0.1184,0.2711,40.2649,b65753349725d09edfad80ca22748389
large,1,2x2,mosaicA.png,40,186541,1.8963,1.8958,47.6175,1913d5b9516f510a2c19077452ea43a9
kodak,3,2x2,kodim01.png,55,48820,0.1346,0.3192,64.9177,b1d0af51f31aed44b78d7c4bf101a83d
kodak,1,auto,kodim13.png,65,95357,0.3915,0.3913,75.3578,3cdffb64f5b13ac4ceefb054ccf62eb1
large,2,2,mosaicB.png,40,172739,1.0669,1.8766,49.2461,d0d1938083bf8d84c642a991b0702982
large,1,2x2,mosaicA.png,50,294035,2.1219,2.1215,62.6369,487158d2bf3327bc5285abbfd635b834
large,4,2x2,mosaicA.png,40,186322,0.6873,1.9556,47.5311,8085028dcdcd5f1b5e7105e2c14be072
large,1,2,mosaicA.png,40,186036,1.846,1.8454,47.6109,a3dc9eaf0ed543b1fdf5da195e50f44b
kodak,8,none,kodim23.png,65,28436,0.0986,0.2028,78.4062,373689ac6aaef5d4179319d3bad6fd0b
kodak,4,none,kodim21.png,80,83122,0.1246,0.3356,83.3871,43c3834d51916ee9fedd7461e15e74c0
kodak,2,2x2,kodim19.png,80,80290,0.1659,0.2957,84.0696,97e91ad3f4fe5e0451bea1ddf90a54fa
kodak,3,none,kodim08.png,65,70373,0.1944,0.4394,75.9632,1a76b4e7234e63173aaab4d00e54ddad
large,3,2x2,mosaicB.png,50,270822,0.8639,2.0544,63.6676,a1714097ab1e9cb23221ee1b1ad9e6aa
kodak,2,auto,kodim21.png,65,47501,0.152,0.2541,75.4027,3a10efcaa6d573bb84c1cef57d16a815
kodak,8,2x2,kodim08.png,80,115195,0.1501,0.4347,84.6849,cd22e11c8ea92aa86b6840eb4d7570f1
kodak,1,none,kodim23.png,50,17899,0.1727,0.1725,69.9963,46d15645ecd1e3d8010ca5af01cff2f7
large,1,none,mosaicA.png,70,615373,2.4558,2.4551,79.8821,65e18e1e608c47fdb7e409c39a30479e
kodak,4,none,kodim01.png,40,25217,0.1043,0.2803,42.3554,4022a366db7f7f1b377cba140b003792
kodak,2,none,kodim05.png,65,73680,0.25,0.46,77.4998,66dff0bfa9a61b09ef937cba4514b618
kodak,3,auto,kodim13.png,80,148800,0.1905,0.4465,85.4717,04536de3129373675ece6ff8fa467608
kodak,1,auto,kodim20.png,40,12513,0.2523,0.2521,55.7221,ce349618f1940a90e13185591f7b7067
kodak,2,none,kodim21.png,40,17835,0.1162,0.1911,49.2289,627f10e218311e223c4e82e49fb43ca9
kodak,1,auto,kodim08.png,40,28305,0.3229,0.3226,50.4165,2fdfa462bf60d97268bcf48889392cfb
large,2,auto,mosaicA.png,80,806841,1.4112,2.5671,84.4978,21125df446ea9287d368dbf4f87fdb3a
large,2,auto,mosaicB.png,80,742879,1.3342,2.4176,84.4529,38c286b3af40953ac40b81b6c1bd11be
kodak,8,none,kodim23.png,60,25358,0.0899,0.1923,76.6959,93859195c526149052b852c87878c12b
large,3,auto,mosaicB.png,70,561833,0.9657,2.3639,79.9766,1d4bcfe90b459cb4687e8c4b534da5cd
kodak,3,none,kodim21.png,70,60555,0.1215,0.2659,78.9881,09fb2dddb62a805bf3723e3b45a72c5d
kodak,4,none,kodim01.png,55,48699,0.1277,0.3242,64.9165,fdc0f40174d6872b22c9fc124ca0a0a6
kodak,1,2x2,kodim23.png,70,35337,0.1959,0.1957,80.9901,464165709605f7c0d53e7aecbf2f3104
kodak,4,none,kodim15.png,80,66652,0.1047,0.2629,83.8828,ef233e27f40f256e666d25f596e17646
large,8,2x2,mosaicA.png,50,293868,0.7654,2.259,62.5366,d2de4a1eb83e575279be93204ba08fc6
kodak,4,2x2,kodim19.png,55,32806,0.0916,0.2454,66.0077,03913474d0fca894312ff315e71ed4c1
kodak,8,auto,kodim03.png,40,12488,0.0907,0.1829,54.8712,516ef16ba9d3d5fa3fc0a304f2fe9d5b
kodak,1,none,kodim19.png,65,46686,0.2435,0.2432,74.9499,1e000fd5b32488efa84b4916ce6654bc
kodak,4,2x2,kodim21.png,40,17898,0.0758,0.1909,49.4296,d1071181d59422d311ffa0a91ca91dd5
large,1,auto,mosaicB.png,70,562071,2.3517,2.3507,80.0031,b6db6060704e4abd6c6012e2bbbdf50a
kodak,8,auto,kodim19.png,55,32717,0.1144,0.256,66.2084,cfeb9ac53d40c3b0e3c13fa05e932184
kodak,1,none,kodim23.png,65,28512,0.1885,0.1883,78.3938,6a6dfcdb1ea7e7ab153443f57ebc7b3b
kodak,2,auto,kodim05.png,60,64767,0.2268,0.4046,74.5074,6700235589bb3b862e497c43707fdf56
kodak,1,2x2,kodim19.png,50,27181,0.2231,0.2229,60.9607,a2173fffefc0a58a6981008db554fa5d
kodak,3,none,kodim08.png,60,62100,0.1739,0.3972,73.4464,48f782be3fef8798600d45f16b60d75a
large,1,auto,mosaicA.png,70,615373,2.4468,2.4462,79.8821,65e18e1e608c47fdb7e409c39a30479e
kodak,1,none,kodim01.png,40,25401,0.2639,0.2637,42.771,7b6721a15608e67d401b60bbcf199ba2
kodak,8,2x2,kodim19.png,65,46836,0.1128,0.2668,74.7916,19874bd7d4704c84fd76de6b04dbb34c
kodak,1,2x2,kodim01.png,60,61220,0.345,0.3447,71.2894,1924e7b4f5c192daa74c55dd4ab173fe
kodak,2,none,kodim20.png,70,40220,0.2284,0.4051,82.2547,5a54ce49143a6570b83b11fef8dc8aa6
kodak,4,2x2,kodim23.png,70,35345,0.0839,0.2183,80.9307,a3e7569d061d8e1f70053f564ec3e694
kodak,8,2x2,kodim20.png,80,54949,0.164,0.4737,85.9958,a7d042515afa5e49c72784bd1d3315b7
kodak,1,none,kodim05.png,50,45413,0.3496,0.3493,63.9454,29aead4e69631c94aa0a79ca5d7adaeb
kodak,8,2x2,kodim03.png,55,23357,0.089,0.2175,71.7081,706fd714f84b24a4b1d1744d600eef59
kodak,4,2x2,kodim03.png,60,28354,0.0802,0.2095,75.812,1f7e129ca6b33caea4edc58206787e9e
kodak,4,none,kodim03.png,55,23255,0.091,0.2083,71.7002,3de52072ac870617f8a795996e5c0751
kodak,1,2x2,kodim21.png,60,41619,0.2395,0.2393,72.6921,a81fc13eda35a63ccb5f1abf4756a87b
kodak,4,2x2,kodim19.png,80,80290,0.1073,0.3004,84.0696,97e91ad3f4fe5e0451bea1ddf90a54fa
kodak,1,2x2,kodim15.png,50,23109,0.197,0.1968,64.2941,57a7580fad3d87685a9a65549af0e3b1
kodak,8,2x2,kodim20.png,50,19582,0.121,0.3173,68.2759,061b223d57f9a9f8fb3822d305a5e411
kodak,8,2x2,kodim03.png,70,38003,0.0823,0.2076,80.4998,7dbbf2c685ead1c65878f70151587f8e
kodak,1,auto,kodim23.png,80,49878,0.2137,0.2135,84.7172,73bf88ded922be2095264f2eca9948d7
large,1,none,mosaicB.png,40,173866,1.7448,1.744,49.3524,fd3e38d1b1ac787d99381fcabd843955
kodak,3,auto,kodim21.png,60,41481,0.1138,0.2468,72.7302,2d36a17d92ce5791b2cf885525314b04
kodak,8,2x2,kodim13.png,55,67708,0.1255,0.3531,65.133,3e53356704391d0a90d9f51c7252200e
kodak,1,auto,kodim05.png,55,53525,0.3803,0.38,69.2055,297519142f1c0332191ba3aec3d34838
kodak,8,2x2,kodim20.png,65,32521,0.1411,0.3771,79.007,c6413b0350e3ff221d0fa00c75c05ab6
large,4,2,mosaicB.png,80,742002,0.8369,2.3893,84.4568,9d277838dfdb7d00ff43496158475393
kodak,8,2x2,kodim23.png,80,50165,0.0934,0.2337,84.7041,09db603b14e5e08d223f7fb3f92b8643
kodak,8,2x2,kodim08.png,60,62552,0.1407,0.4194,73.4774,12abddc6db33c951f53ee80938a83f5a
kodak,8,auto,kodim08.png,70,88154,0.1872,0.4863,80.1081,de09c5a842061c3d97f4a9ccfce97548
kodak,2,none,kodim05.png,50,45448,0.2046,0.3782,63.9468,878e942443435ff1fe3badcc7d9424eb
kodak,4,none,kodim23.png,65,28436,0.0807,0.1974,78.4062,373689ac6aaef5d4179319d3bad6fd0b
kodak,1,none,kodim19.png,70,58948,0.2558,0.2556,79.1866,9de88d2d878587b0e96b9311a669c4aa
kodak,2,none,kodim01.png,55,48699,0.1771,0.3173,64.9165,fdc0f40174d6872b22c9fc124ca0a0a6
kodak,3,none,kodim20.png,65,32331,0.1691,0.3706,79.0844,d71948cf1b2e440c9be2723756aaae9b
kodak,4,2x2,kodim05.png,60,65159,0.1288,0.3917,74.5972,ad19c1dbce4e7c11cf4bd03726d00183
large,2,2x2,mosaicB.png,50,270822,1.1471,2.0576,63.6676,a1714097ab1e9cb23221ee1b1ad9e6aa
kodak,3,auto,kodim05.png,55,53447,0.1599,0.38,69.1177,b322bd277f9759da87921e982aaf274d
kodak,4,none,kodim13.png,55,67596,0.1387,0.36,65.1153,0e601ffce188d21f879e12ca82d6bfbd
kodak,4,auto,kodim03.png,40,12488,0.0758,0.1744,54.8712,516ef16ba9d3d5fa3fc0a304f2fe9d5b
kodak,1,none,kodim23.png,40,11951,0.1512,0.151,59.3909,89db3beea2a0b9962e75dc4853340e68
kodak,4,none,kodim08.png,70,88154,0.1778,0.4728,80.1081,de09c5a842061c3d97f4a9ccfce97548
kodak,8,none,kodim01.png,40,25217,0.1082,0.2616,42.3554,4022a366db7f7f1b377cba140b003792
large,2,none,mosaicA.png,40,186685,1.0604,1.8659,47.5224,f88688eb4fb7f7227fd161cffda09f6d
large,1,2x2,mosaicB.png,70,561535,2.3004,2.3,80.0159,48f6fd3a64f89004211f00151d222179
kodak,2,none,kodim19.png,80,79969,0.1697,0.2897,84.1279,58621a3faa260e72d87044ca18cc14f9
kodak,2,auto,kodim19.png,60,41172,0.1452,0.2388,72.2636,8be12ca72a10e765c968a43e9321e47d
kodak,3,auto,kodim23.png,80,49909,0.1124,0.2432,84.6725,84ee8be234c9339be6fcc1906c719c93
kodak,2,none,kodim20.png,80,54786,0.2437,0.4361,85.999,3b1d920a57b37cc00aa8f8f102458f63
kodak,2,2x2,kodim21.png,50,28146,0.1255,0.2112,63.6847,864464bd073ead55785158a2e7092da1
kodak,4,auto,kodim19.png,55,32717,0.0999,0.2402,66.2084,cfeb9ac53d40c3b0e3c13fa05e932184
kodak,2,auto,kodim23.png,65,28436,0.1065,0.1757,78.4062,373689ac6aaef5d4179319d3bad6fd0b
kodak,4,none,kodim05.png,60,64767,0.1378,0.4022,74.5074,6700235589bb3b862e497c43707fdf56
kodak,4,none,kodim15.png,60,34989,0.0914,0.2175,73.5058,10efae0e42e0668b4d44fd79741a00c7
kodak,1,none,kodim21.png,80,83145,0.2825,0.2822,83.4102,47239a8f3667a9964dea09d39a07e68d
kodak,8,none,kodim23.png,50,17853,0.082,0.1853,69.7625,54429bea56eeb608d5c2e7dd42ae02d2
kodak,4,none,kodim20.png,80,54786,0.1789,0.478,85.999,3b1d920a57b37cc00aa8f8f102458f63
kodak,2,auto,kodim20.png,70,40220,0.2328,0.4177,82.2547,5a54ce49143a6570b83b11fef8dc8aa6
kodak,2,none,kodim08.png,50,42720,0.2086,0.3703,63.8948,8288de019887730f2331631ff54285d2
kodak,8,auto,kodim03.png,50,19670,0.0999,0.2172,67.6937,2294fb87a2e8b68434a619ac8a0fa060
kodak,2,2x2,kodim15.png,40,14325,0.1061,0.1772,50.0424,5f47850e777be687e2067c393570c233
kodak,2,none,kodim08.png,40,28347,0.1812,0.3167,50.8841,d737a9549f83fbd224f783927d15ad7d
kodak,3,2x2,kodim15.png,55,28199,0.1084,0.2286,68.6899,a10aeac26bad64f6a8d935edf5de0797
large,4,auto,mosaicB.png,70,561833,0.7607,2.2899,79.9766,1d4bcfe90b459cb4687e8c4b534da5cd
large,2,2,mosaicB.png,60,399614,1.2468,2.2173,73.6789,911f58da82a6d57dd53a86f83661db40
kodak,3,none,kodim23.png,80,49909,0.1031,0.2194,84.6725,84ee8be234c9339be6fcc1906c719c93
kodak,1,2x2,kodim05.png,80,115740,0.3932,0.393,85.9407,b7b5a37ae540c1bde6d755659bca376b
kodak,3,auto,kodim15.png,60,34989,0.1102,0.2253,73.5058,10efae0e42e0668b4d44fd79741a00c7
large,3,auto,mosaicB.png,40,173494,0.7633,1.7956,49.1185,3babbe48d4b7495f12a62bcd26598446
kodak,4,2x2,kodim15.png,50,23054,0.0802,0.2063,64.0969,330633295e128858b8317bd6ef4160ef
kodak,2,none,kodim13.png,60,84221,0.2159,0.3855,72.0136,155b7071172b327ef81c3407ff26cae7
kodak,3,none,kodim05.png,40,30753,0.1573,0.3593,49.3746,a3db99712782137780a6d5daa7093379
kodak,2,none,kodim08.png,65,70373,0.2285,0.4087,75.9632,1a76b4e7234e63173aaab4d00e54ddad
kodak,1,auto,kodim08.png,50,42871,0.3536,0.3532,63.8293,13e7e2121f5a8de0206bf70387c286ea
kodak,8,none,kodim13.png,40,35318,0.113,0.2869,40.4241,6207a6220b68263fb4f101fada403153
kodak,2,none,kodim15.png,65,39331,0.1357,0.2264,75.9321,164d07751926063a2e8dbc0ff5c8d7fe
kodak,1,auto,kodim21.png,50,28227,0.2188,0.2185,63.8591,f0fe9f8d9f3dca42a700ca270a92a4e5
kodak,8,none,kodim01.png,50,40688,0.1224,0.309,58.8636,5a4b1d63d4eab37de0407a2bffab0844
kodak,2,2x2,kodim03.png,70,38003,0.1219,0.2079,80.4998,7dbbf2c685ead1c65878f70151587f8e
kodak,4,auto,kodim21.png,40,17835,0.0834,0.1892,49.2289,627f10e218311e223c4e82e49fb43ca9
kodak,8,2x2,kodim15.png,60,35107,0.0921,0.2329,73.5011,a085a30e8c1af50ff54d3963862b2d6e
large,1,none,mosaicB.png,80,743048,2.315,2.3144,84.445,7c6c529acdc46748d82bc580ff716c83
kodak,2,none,kodim21.png,65,47501,0.156,0.2603,75.4027,3a10efcaa6d573bb84c1cef57d16a815
kodak,3,none,kodim01.png,70,88244,0.1635,0.3697,79.5822,5e3490a04c63e5f7e80c628fff8f1ca6
large,2,auto,mosaicA.png,50,294452,1.1859,2.1303,62.4911,4ae2dfe4f3f9c49d94152a9cddf44e28
kodak,4,none,kodim01.png,80,113841,0.131,0.3836,84.7378,293244fb9f3ab1bba37ec52af38f37bd
large,3,auto,mosaicA.png,60,436196,0.986,2.4501,73.0896,a312d0d3ebc409fa9a9a2d7c75ef7478
kodak,2,none,kodim23.png,65,28436,0.1131,0.1881,78.4062,373689ac6aaef5d4179319d3bad6fd0b
kodak,3,2x2,kodim21.png,55,33583,0.1076,0.2288,67.6419,1c3dd3d40f0e14bfc59efde5749e9ce6
kodak,2,auto,kodim20.png,60,28931,0.1966,0.3517,76.8997,ce9f04f14fe334d7a0e561726bc49c65
kodak,8,auto,kodim15.png,60,34989,0.1052,0.2317,73.5058,10efae0e42e0668b4d44fd79741a00c7
kodak,4,auto,kodim13.png,65,95206,0.1488,0.4051,75.3247,49f7143490d36b7c48041ebee7303d4b
kodak,3,2x2,kodim19.png,50,27128,0.1026,0.2304,60.8031,ed6ed86f45e2d4020f485c57b6845268
large,3,2x2,mosaicA.png,70,614310,0.9939,2.4169,79.8893,bd23cb68663f9c069633f0b1cdde938b
kodak,8,none,kodim13.png,65,95206,0.1642,0.4137,75.3247,49f7143490d36b7c48041ebee7303d4b
kodak,4,2x2,kodim21.png,70,60692,0.0901,0.2444,78.9102,4d41115c38bc341b20246dc437e0ac6b
kodak,8,none,kodim19.png,40,16386,0.0913,0.1968,44.3107,3fa609e577cb1c07cad715c6ad19cca0
large,1,auto,mosaicA.png,60,435899,2.4203,2.4199,73.0365,d42aa1443b4d854ced388f3e7f6170ae
kodak,4,auto,kodim05.png,65,73680,0.1399,0.4191,77.4998,66dff0bfa9a61b09ef937cba4514b618
kodak,1,auto,kodim23.png,65,28512,0.1836,0.1832,78.3938,6a6dfcdb1ea7e7ab153443f57ebc7b3b
kodak,2,auto,kodim23.png,50,17853,0.107,0.1793,69.7625,54429bea56eeb608d5c2e7dd42ae02d2
kodak,3,auto,kodim03.png,55,23255,0.0971,0.2004,71.7002,3de52072ac870617f8a795996e5c0751
kodak,1,none,kodim23.png,80,49878,0.2096,0.2093,84.7172,73bf88ded922be2095264f2eca9948d7
kodak,2,auto,kodim15.png,80,66652,0.1427,0.245,83.8828,ef233e27f40f256e666d25f596e17646
large,2,2x2,mosaicB.png,70,561480,1.3016,2.3453,80.0031,bf3f42c1f4ff93f33b1e686e2d9b74f8
kodak,1,auto,kodim21.png,40,17918,0.184,0.1837,49.977,7a8cd7f697fdeab97fc20b1ebadd553a
large,4,none,mosaicA.png,80,806841,0.7967,2.4671,84.4978,21125df446ea9287d368dbf4f87fdb3a
kodak,8,2x2,kodim01.png,70,88320,0.1319,0.3616,79.5525,e9fb1a0813b19b7b70a6c1db7536ebc8
kodak,2,2x2,kodim19.png,40,16491,0.115,0.1914,44.2216,56107119e59f2d1611dbe3b0d1561b5b
kodak,8,2x2,kodim08.png,70,88530,0.1444,0.4212,80.0273,901429ea526dad8bb93a30c2b87b4a2a
large,3,2,mosaicB.png,80,742002,1.0006,2.43,84.4568,9d277838dfdb7d00ff43496158475393
kodak,3,none,kodim21.png,40,17835,0.092,0.1914,49.2289,627f10e218311e223c4e82e49fb43ca9
kodak,1,auto,kodim15.png,60,34995,0.2167,0.2164,73.525,6d2a62129d2f2e32387154b7f996a43e
kodak,1,auto,kodim19.png,50,27013,0.208,0.2078,60.8895,03b25e0e49e1dce2294e477f0b16e5a4
kodak,4,auto,kodim21.png,55,33458,0.0865,0.2134,67.6227,9576bfd5f60e337236dceb130dda49a3
kodak,8,none,kodim01.png,80,113841,0.1597,0.4205,84.7378,293244fb9f3ab1bba37ec52af38f37bd
kodak,2,none,kodim20.png,50,19475,0.1689,0.2959,68.4079,5c079035c27b214c77a36b53e05b35c2
kodak,4,none,kodim23.png,55,21149,0.0767,0.1844,73.3007,3768a510c8bca8d67d87878468689472
large,3,none,mosaicB.png,40,173494,0.749,1.7633,49.1185,3babbe48d4b7495f12a62bcd26598446
kodak,8,none,kodim03.png,80,50736,0.1064,0.2398,84.4777,1bb627133e037b78e85c0b64ce7793b4
kodak,3,2x2,kodim05.png,50,45672,0.1592,0.3778,63.8471,4b120e5bc99b7170807a5efffd721b84
kodak,4,auto,kodim23.png,80,49909,0.0892,0.229,84.6725,84ee8be234c9339be6fcc1906c719c93
kodak,8,auto,kodim03.png,70,37857,0.097,0.2134,80.5444,7090b0ed8738d531876b0c262b281ade
kodak,8,auto,kodim23.png,60,25358,0.0912,0.1887,76.6959,93859195c526149052b852c87878c12b
large,8,2x2,mosaicA.png,70,614310,0.8302,2.4938,79.8893,bd23cb68663f9c069633f0b1cdde938b
kodak,4,auto,kodim19.png,50,26985,0.093,0.2238,60.7544,7075426d37284e3c49c9890ba21d851e
kodak,1,auto,kodim19.png,65,46686,0.2301,0.2299,74.9499,1e000fd5b32488efa84b4916ce6654bc
kodak,8,auto,kodim01.png,50,40688,0.1206,0.3034,58.8636,5a4b1d63d4eab37de0407a2bffab0844
kodak,4,2x2,kodim19.png,60,41415,0.0933,0.2504,72.1728,b9aad0780330cc5c0786f7d86d97baa2
large,4,2x2,mosaicA.png,70,614310,0.8255,2.4765,79.8893,bd23cb68663f9c069633f0b1cdde938b
kodak,2,none,kodim21.png,55,33458,0.1389,0.2302,67.6227,9576bfd5f60e337236dceb130dda49a3
large,4,2x2,mosaicA.png,60,435490,0.8301,2.4612,73.0881,c17ddf8267b3826857cf0c71d6c5af4b
kodak,3,2x2,kodim20.png,65,32521,0.1523,0.3692,79.007,c6413b0350e3ff221d0fa00c75c05ab6
kodak,2,auto,kodim15.png,40,14180,0.1126,0.1843,49.8485,724e5f4a7b91c8b4e3f9134570375267
kodak,3,2x2,kodim23.png,40,12012,0.0857,0.1783,59.2728,3760e2332e69708119e8798fa774f992
kodak,3,auto,kodim05.png,50,45448,0.1656,0.3913,63.9468,878e942443435ff1fe3badcc7d9424eb
kodak,1,none,kodim08.png,65,70306,0.4185,0.4181,75.9492,9611e29b63d6005dffc19d2e85bca3c3
kodak,2,auto,kodim05.png,40,30753,0.1843,0.3316,49.3746,a3db99712782137780a6d5daa7093379
kodak,3,auto,kodim19.png,60,41172,0.1103,0.2373,72.2636,8be12ca72a10e765c968a43e9321e47d
kodak,8,auto,kodim05.png,55,53447,0.1539,0.392,69.1177,b322bd277f9759da87921e982aaf274d
kodak,1,auto,kodim20.png,55,23196,0.3205,0.3203,72.3676,8866b070e194dbe310c6480ab1c5bec8
large,1,auto,mosaicA.png,50,294586,2.0589,2.057,62.6016,c86faabbffbac5dcee4a5528c3e7f917
large,2,2,mosaicA.png,70,613640,1.3665,2.4694,79.91,666497e27a6b022796d1564d93da9499
kodak,2,auto,kodim13.png,65,95206,0.227,0.4024,75.3247,49f7143490d36b7c48041ebee7303d4b
kodak,4,auto,kodim05.png,50,45448,0.1224,0.3515,63.9468,878e942443435ff1fe3badcc7d9424eb
kodak,4,2x2,kodim03.png,80,50858,0.0936,0.2573,84.4346,a8770b86fb447f0191f204dd09d81ed0
kodak,3,2x2,kodim20.png,70,40333,0.1687,0.4049,82.1266,7e80c215b3220eda9df97ca79997fd0f
kodak,8,2x2,kodim13.png,60,84318,0.1261,0.3587,71.938,497eaa82f933a3c73a13324896aa6fe0
kodak,1,2x2,kodim01.png,70,88528,0.3364,0.3361,79.5536,86151a7655884dd83a30b570bf89ed0e
kodak,8,2x2,kodim20.png,70,40333,0.1527,0.4347,82.1266,7e80c215b3220eda9df97ca79997fd0f
kodak,8,2x2,kodim13.png,40,35373,0.1127,0.3146,40.2649,b65753349725d09edfad80ca22748389
kodak,3,2x2,kodim20.png,50,19582,0.1369,0.324,68.2759,061b223d57f9a9f8fb3822d305a5e411
large,3,none,mosaicB.png,80,742879,0.9689,2.4194,84.4529,38c286b3af40953ac40b81b6c1bd11be
kodak,4,2x2,kodim23.png,80,50165,0.0796,0.2211,84.7041,09db603b14e5e08d223f7fb3f92b8643
kodak,2,2x2,kodim08.png,60,62552,0.2093,0.3718,73.4774,12abddc6db33c951f53ee80938a83f5a
kodak,4,2x2,kodim03.png,65,31732,0.081,0.2119,77.5578,ee994009cbf120b4b758be9c68371cd1
kodak,2,auto,kodim01.png,40,25217,0.1552,0.2781,42.3554,4022a366db7f7f1b377cba140b003792
large,3,auto,mosaicA.png,50,294452,0.9283,2.2532,62.4911,4ae2dfe4f3f9c49d94152a9cddf44e28
kodak,3,auto,kodim23.png,70,35122,0.1049,0.2109,80.9167,100a8a39533c4009bd86c91f7cb32826
kodak,4,none,kodim20.png,70,40220,0.1536,0.3958,82.2547,5a54ce49143a6570b83b11fef8dc8aa6
kodak,2,none,kodim13.png,50,56490,0.1858,0.3337,58.905,24173ffa717da116668ba2d13e4d9c27
kodak,3,2x2,kodim23.png,60,25568,0.0886,0.1899,76.6397,47f9808f2ea6d1a083db03929d9622e1
kodak,3,2x2,kodim03.png,60,28354,0.0954,0.21,75.812,1f7e129ca6b33caea4edc58206787e9e
kodak,2,none,kodim21.png,50,28122,0.1376,0.2277,63.5443,b638d5c486487e5f1b330dca49ffe26a
kodak,8,none,kodim05.png,60,64767,0.1672,0.4225,74.5074,6700235589bb3b862e497c43707fdf56
kodak,8,auto,kodim21.png,60,41481,0.1102,0.2501,72.7302,2d36a17d92ce5791b2cf885525314b04
large,2,auto,mosaicA.png,40,186685,1.0951,1.9422,47.5224,f88688eb4fb7f7227fd161cffda09f6d
kodak,4,auto,kodim19.png,65,46602,0.1051,0.2562,74.9621,e4407567da99e6d87bde70838e328fde
large,4,2,mosaicA.png,70,613640,0.8597,2.4618,79.91,666497e27a6b022796d1564d93da9499
kodak,1,2x2,kodim23.png,55,21359,0.1769,0.1767,73.2323,07e7ba2418dcfd6d364f73c7984c4ab9
kodak,8,auto,kodim20.png,70,40220,0.182,0.4242,82.2547,5a54ce49143a6570b83b11fef8dc8aa6
kodak,4,none,kodim23.png,60,25358,0.0808,0.1874,76.6959,93859195c526149052b852c87878c12b
kodak,3,auto,kodim19.png,65,46602,0.1177,0.2551,74.9621,e4407567da99e6d87bde70838e328fde
kodak,1,auto,kodim19.png,40,16488,0.1905,0.1903,44.3992,92a6feb526b307fb088f5323cf343b8c
kodak,3,2x2,kodim05.png,40,31023,0.1461,0.3405,49.3559,9506adffb6390696f7e4dd3d2c93efef
large,4,auto,mosaicB.png,80,742879,0.7882,2.4124,84.4529,38c286b3af40953ac40b81b6c1bd11be
kodak,8,none,kodim01.png,70,88244,0.1434,0.3659,79.5822,5e3490a04c63e5f7e80c628fff8f1ca6
kodak,3,none,kodim15.png,70,48975,0.1135,0.2355,79.4673,e8c91646def445775fde6784a027d347
kodak,8,auto,kodim23.png,50,17853,0.0806,0.17,69.7625,54429bea56eeb608d5c2e7dd42ae02d2
large,1,auto,mosaicB.png,40,173866,1.794,1.7935,49.3524,fd3e38d1b1ac787d99381fcabd843955
large,3,2,mosaicA.png,60,434906,1.0513,2.4351,73.0795,35ce744eac70549d212cd0c2e2c63379
kodak,2,none,kodim23.png,50,17853,0.1039,0.1718,69.7625,54429bea56eeb608d5c2e7dd42ae02d2
large,2,auto,mosaicB.png,60,400461,1.2643,2.2782,73.6119,65398f81cab18c59d9b9215c41380aed
kodak,1,2x2,kodim01.png,50,40866,0.2761,0.2758,58.9275,af9cd5c3e266b9299b43591722efb6f3
large,1,2,mosaicB.png,80,741523,2.3495,2.3492,84.4479,5f26883684062b2317dc5e1197ffc4b8
kodak,1,auto,kodim19.png,55,32721,0.217,0.2167,66.4539,f61fc7e828dc2cdbbbc843eda967bbf9
kodak,1,auto,kodim20.png,60,28963,0.3802,0.3798,76.968,cc6a39ce25a5f479c8b287259e452484
kodak,4,none,kodim19.png,70,58803,0.1159,0.277,79.0693,e0e68bcc4de9ad50c1a52ae334de43c5
kodak,8,2x2,kodim05.png,70,90207,0.136,0.4031,81.3136,c2f2f26b9b8461fe1699c6786a2b048f
large,2,2x2,mosaicB.png,80,742275,1.2645,2.2812,84.4383,7c88acd4560b55e2efa0936745d8a5e9
kodak,2,auto,kodim05.png,80,115301,0.2447,0.4524,85.9175,5fab7ea18dbd98107c7b3e920a9552c5
kodak,4,2x2,kodim03.png,70,38003,0.0872,0.2225,80.4998,7dbbf2c685ead1c65878f70151587f8e
kodak,4,auto,kodim03.png,70,37857,0.087,0.2052,80.5444,7090b0ed8738d531876b0c262b281ade
large,3,2x2,mosaicB.png,60,399976,0.9182,2.1974,73.6596,769df4acd7502eb135b4d75003c58c13
kodak,8,none,kodim13.png,60,84221,0.1624,0.3889,72.0136,155b7071172b327ef81c3407ff26cae7
kodak,1,none,kodim01.png,80,113938,0.3939,0.3935,84.7479,5d8b78fcc1c8e2d295220945657cdf14
kodak,1,none,kodim15.png,50,22911,0.2107,0.2105,64.0327,56a1bb56a404d9a29488893030418a32
kodak,1,none,kodim20.png,55,23196,0.3241,0.3237,72.3676,8866b070e194dbe310c6480ab1c5bec8
large,4,none,mosaicA.png,40,186685,0.6624,1.9084,47.5224,f88688eb4fb7f7227fd161cffda09f6d
kodak,1,auto,kodim05.png,70,89969,0.3935,0.3933,81.3805,285fd98bcd2c30735137ff62ae0b0164
kodak,1,auto,kodim08.png,55,50395,0.3546,0.3542,68.3999,7b48e75b91cd60af9f4a195a802ab482
kodak,4,none,kodim15.png,70,48975,0.0945,0.2268,79.4673,e8c91646def445775fde6784a027d347
kodak,3,auto,kodim21.png,40,17835,0.0909,0.1882,49.2289,627f10e218311e223c4e82e49fb43ca9
kodak,1,auto,kodim03.png,60,28356,0.1949,0.1946,75.9113,a6772e3b931970220271e7e6106c21a7
large,4,auto,mosaicA.png,50,294452,0.7556,2.251,62.4911,4ae2dfe4f3f9c49d94152a9cddf44e28
kodak,1,2x2,kodim05.png,60,65245,0.3968,0.3966,74.6093,02367caa5ff2e2d013167944f9c0f474
kodak,3,auto,kodim15.png,65,39331,0.1163,0.2451,75.9321,164d07751926063a2e8dbc0ff5c8d7fe
kodak,8,auto,kodim15.png,40,14180,0.0922,0.1845,49.8485,724e5f4a7b91c8b4e3f9134570375267
large,2,none,mosaicA.png,60,436196,1.3325,2.4256,73.0896,a312d0d3ebc409fa9a9a2d7c75ef7478
kodak,8,2x2,kodim05.png,80,115803,0.1418,0.4251,85.9819,1a3c9592d4b6565b925fdf73280f3feb
kodak,3,none,kodim05.png,70,89998,0.1782,0.4251,81.2615,57fddeeb66d33252804d7bc916f7c032
kodak,2,none,kodim13.png,70,117550,0.2337,0.4285,80.379,566bca8dd82784feecedf76baa8aa967
kodak,3,2x2,kodim15.png,65,39590,0.102,0.218,76.0075,7b83eaee58de2193820fb610ba112368
kodak,3,2x2,kodim21.png,60,41610,0.1117,0.2455,72.6217,7bffb26da3c9c3e667cafcf99c053341
kodak,2,2x2,kodim15.png,70,49201,0.1385,0.2323,79.471,eb0e70500e682e9e63b79e9e87aa4ea5
large,8,auto,mosaicA.png,40,186685,0.6586,1.8777,47.5224,f88688eb4fb7f7227fd161cffda09f6d
kodak,1,2x2,kodim01.png,55,48849,0.2971,0.2969,64.9199,da1558a761a55ec86de19f8f97587a0f
kodak,1,auto,kodim23.png,50,17899,0.1776,0.1773,69.9963,46d15645ecd1e3d8010ca5af01cff2f7
kodak,8,auto,kodim08.png,65,70373,0.1673,0.4324,75.9632,1a76b4e7234e63173aaab4d00e54ddad
kodak,3,2x2,kodim19.png,65,46836,0.1075,0.2477,74.7916,19874bd7d4704c84fd76de6b04dbb34c
kodak,1,2x2,kodim05.png,55,53865,0.3787,0.3784,69.2912,051c6cc9c413cd43175943bda1ad592d
kodak,3,none,kodim03.png,55,23255,0.0953,0.1971,71.7002,3de52072ac870617f8a795996e5c0751
kodak,1,2x2,kodim08.png,60,62576,0.3631,0.3628,73.4608,3e4d099729378f4455b79a5b9369b420
large,2,2x2,mosaicA.png,50,293868,1.1945,2.1529,62.5366,d2de4a1eb83e575279be93204ba08fc6
kodak,8,none,kodim21.png,60,41481,0.0993,0.2342,72.7302,2d36a17d92ce5791b2cf885525314b04
kodak,4,none,kodim23.png,80,49909,0.0828,0.2156,84.6725,84ee8be234c9339be6fcc1906c719c93
kodak,3,none,kodim01.png,65,70279,0.1494,0.3452,74.6334,fc63104194097f068609aef79ca502bc
kodak,4,2x2,kodim13.png,50,56660,0.1211,0.3516,58.9187,40369761befb6e9cc6c1d8abec106f59
kodak,2,auto,kodim01.png,80,113841,0.2064,0.3785,84.7378,293244fb9f3ab1bba37ec52af38f37bd
kodak,1,none,kodim05.png,60,64908,0.4138,0.4135,74.6109,6d6561ad86b6bc7b7a0335b7e434fc5b
large,4,2x2,mosaicA.png,50,293868,0.7941,2.2898,62.5366,d2de4a1eb83e575279be93204ba08fc6
kodak,4,none,kodim19.png,80,79969,0.1181,0.2967,84.1279,58621a3faa260e72d87044ca18cc14f9
kodak,1,auto,kodim01.png,60,61046,0.3216,0.3214,71.3133,7a35c5019f3ce22dd2d816d229a9fb25
kodak,2,none,kodim01.png,40,25217,0.1549,0.2739,42.3554,4022a366db7f7f1b377cba140b003792
kodak,4,auto,kodim01.png,55,48699,0.1102,0.3133,64.9165,fdc0f40174d6872b22c9fc124ca0a0a6
kodak,4,2x2,kodim21.png,80,83232,0.1084,0.2965,83.3925,6692ed4331428cfeb0fe11843fe9d0f2
kodak,2,auto,kodim19.png,70,58803,0.1547,0.2611,79.0693,e0e68bcc4de9ad50c1a52ae334de43c5
kodak,4,auto,kodim05.png,60,64767,0.1411,0.4127,74.5074,6700235589bb3b862e497c43707fdf56
kodak,3,none,kodim15.png,40,14180,0.094,0.1903,49.8485,724e5f4a7b91c8b4e3f9134570375267
kodak,8,auto,kodim03.png,55,23255,0.0971,0.2069,71.7002,3de52072ac870617f8a795996e5c0751
kodak,4,none,kodim19.png,65,46602,0.1068,0.2475,74.9621,e4407567da99e6d87bde70838e328fde
large,2,2,mosaicB.png,50,270687,1.1318,2.004,63.7433,b05a66c2f9c9649ed225f10b9a5e1585
kodak,3,2x2,kodim13.png,55,67708,0.1462,0.3426,65.133,3e53356704391d0a90d9f51c7252200e
kodak,8,auto,kodim03.png,65,31539,0.0995,0.2131,77.5316,68e7a6c3fdea41793c208b7b1553bf3c
kodak,8,auto,kodim19.png,65,46602,0.1096,0.2531,74.9621,e4407567da99e6d87bde70838e328fde
kodak,1,none,kodim13.png,60,84319,0.3626,0.3623,72.0883,5b1c86d0ee802bda3e6db1a1dcdbdcaf
kodak,2,auto,kodim19.png,80,79969,0.1744,0.3008,84.1279,58621a3faa260e72d87044ca18cc14f9
kodak,1,none,kodim21.png,70,60717,0.2691,0.2688,79.0478,7c7a72fb2846ba290cc246daaaf7fcf1
kodak,3,2x2,kodim03.png,80,50858,0.1184,0.2618,84.4346,a8770b86fb447f0191f204dd09d81ed0
kodak,2,auto,kodim23.png,40,11850,0.0979,0.1616,59.2057,83e41d3c719fce1bf3ec768e7df32d7d
kodak,3,auto,kodim05.png,40,30753,0.1517,0.3583,49.3746,a3db99712782137780a6d5daa7093379
kodak,1,auto,kodim21.png,80,83145,0.3103,0.31,83.4102,47239a8f3667a9964dea09d39a07e68d
kodak,1,2x2,kodim21.png,80,83308,0.2836,0.2834,83.3927,25c5e68175855a3fea719f2ec6db7edc
kodak,2,none,kodim03.png,65,31539,0.1123,0.1893,77.5316,68e7a6c3fdea41793c208b7b1553bf3c
kodak,3,none,kodim19.png,70,58803,0.1214,0.2625,79.0693,e0e68bcc4de9ad50c1a52ae334de43c5
kodak,3,auto,kodim13.png,40,35318,0.1336,0.2964,40.4241,6207a6220b68263fb4f101fada403153
kodak,8,2x2,kodim03.png,60,28354,0.0899,0.2215,75.812,1f7e129ca6b33caea4edc58206787e9e
kodak,1,2x2,kodim20.png,60,29014,0.3267,0.3265,76.9172,7fdb2c943ffe92fd2b626b14d0ecd117
kodak,3,none,kodim19.png,60,41172,0.1073,0.2345,72.2636,8be12ca72a10e765c968a43e9321e47d
large,3,2,mosaicA.png,70,613640,1.0483,2.4848,79.91,666497e27a6b022796d1564d93da9499
kodak,2,2x2,kodim13.png,55,67708,0.1814,0.3294,65.133,3e53356704391d0a90d9f51c7252200e
kodak,4,auto,kodim20.png,80,54786,0.1687,0.4473,85.999,3b1d920a57b37cc00aa8f8f102458f63
kodak,2,2x2,kodim05.png,80,115803,0.2258,0.4088,85.9819,1a3c9592d4b6565b925fdf73280f3feb
kodak,8,none,kodim15.png,60,34989,0.0996,0.2169,73.5058,10efae0e42e0668b4d44fd79741a00c7
kodak,1,auto,kodim20.png,65,32386,0.3665,0.3663,79.1626,dbd35e2b80419c9e0792c9e11143f216
kodak,3,none,kodim03.png,65,31539,0.1011,0.2029,77.5316,68e7a6c3fdea41793c208b7b1553bf3c
kodak,8,2x2,kodim08.png,55,50779,0.1347,0.38,68.3798,fc02fc5f4a9649757daf6d2e95927273
kodak,3,2x2,kodim21.png,70,60692,0.1278,0.2842,78.9102,4d41115c38bc341b20246dc437e0ac6b
kodak,4,auto,kodim20.png,40,12415,0.1111,0.2641,55.0763,e497495a3dd47b148ec8a8fcda754d1a
kodak,3,none,kodim13.png,80,148800,0.1891,0.4451,85.4717,04536de3129373675ece6ff8fa467608
kodak,8,none,kodim20.png,60,28931,0.1459,0.3424,76.8997,ce9f04f14fe334d7a0e561726bc49c65
kodak,3,none,kodim05.png,60,64767,0.1733,0.4144,74.5074,6700235589bb3b862e497c43707fdf56
kodak,3,auto,kodim05.png,65,73680,0.1603,0.3823,77.4998,66dff0bfa9a61b09ef937cba4514b618
kodak,3,none,kodim15.png,80,66652,0.1229,0.2625,83.8828,ef233e27f40f256e666d25f596e17646
kodak,8,2x2,kodim20.png,60,29052,0.129,0.3621,76.8834,c82e421ae87ba8c4d3b0ddf89b7aff11
kodak,4,none,kodim08.png,65,70373,0.1524,0.3945,75.9632,1a76b4e7234e63173aaab4d00e54ddad
kodak,1,2x2,kodim23.png,80,50270,0.2277,0.2274,84.7584,351cb13ce34ee4906632f42e358f0a9e
large,2,none,mosaicB.png,70,561833,1.2825,2.3167,79.9766,1d4bcfe90b459cb4687e8c4b534da5cd
kodak,3,none,kodim23.png,40,11850,0.0821,0.1613,59.2057,83e41d3c719fce1bf3ec768e7df32d7d
kodak,3,none,kodim15.png,60,34989,0.1048,0.2198,73.5058,10efae0e42e0668b4d44fd79741a00c7
kodak,2,none,kodim01.png,70,88244,0.2,0.361,79.5822,5e3490a04c63e5f7e80c628fff8f1ca6
kodak,4,none,kodim23.png,40,11850,0.0784,0.1716,59.2057,83e41d3c719fce1bf3ec768e7df32d7d
kodak,4,2x2,kodim19.png,40,16491,0.0794,0.1983,44.2216,56107119e59f2d1611dbe3b0d1561b5b
kodak,3,2x2,kodim03.png,50,19768,0.0881,0.1901,67.6354,f432cfa394c6fb315b13cef0d9f81163
kodak,2,auto,kodim03.png,70,37857,0.1152,0.193,80.5444,7090b0ed8738d531876b0c262b281ade
kodak,4,none,kodim08.png,40,28347,0.1329,0.3408,50.8841,d737a9549f83fbd224f783927d15ad7d
kodak,2,2x2,kodim20.png,50,19582,0.1697,0.3092,68.2759,061b223d57f9a9f8fb3822d305a5e411
large,3,2,mosaicA.png,80,804991,1.0237,2.4529,84.4952,4b1499908bee97b377d2a2d09e7a9885
kodak,8,2x2,kodim23.png,55,21395,0.0813,0.1949,73.2653,db708f8603bdc15976ba863130c7e4f1
kodak,3,none,kodim03.png,70,37857,0.1008,0.2086,80.5444,7090b0ed8738d531876b0c262b281ade
kodak,2,auto,kodim21.png,60,41481,0.1414,0.2372,72.7302,2d36a17d92ce5791b2cf885525314b04
kodak,2,2x2,kodim01.png,60,61015,0.1794,0.3181,71.1521,ace2254231432a838002615aaf22e07e
large,1,2x2,mosaicB.png,40,173401,1.7412,1.7408,49.2882,edcdac0f2c9569351bbb52ce4377d205
kodak,1,none,kodim13.png,55,67722,0.3664,0.3662,65.0143,669449f6a06945446c7d9fd22ccdeae6
kodak,8,2x2,kodim15.png,65,39590,0.0947,0.2519,76.0075,7b83eaee58de2193820fb610ba112368
kodak,8,none,kodim01.png,60,60704,0.1521,0.394,71.093,4dfaf6f76280dea7e0a3f452b296a1ee
kodak,2,auto,kodim15.png,50,22886,0.1391,0.2309,64.0676,410018640781a8e83c8edc5b73bd2241
kodak,8,2x2,kodim15.png,70,49201,0.094,0.2261,79.471,eb0e70500e682e9e63b79e9e87aa4ea5
kodak,4,auto,kodim01.png,40,25217,0.1018,0.2719,42.3554,4022a366db7f7f1b377cba140b003792
kodak,2,2x2,kodim23.png,40,12012,0.0991,0.1605,59.2728,3760e2332e69708119e8798fa774f992
kodak,4,auto,kodim01.png,60,60704,0.1181,0.333,71.093,4dfaf6f76280dea7e0a3f452b296a1ee
kodak,2,none,kodim03.png,60,28261,0.1137,0.1908,75.8615,bcd044ebf6efc232dd4eb332b046827a
kodak,1,none,kodim23.png,70,35122,0.2006,0.2003,81.051,6dfe2e74f2eddd68487966ce833b2870
kodak,2,auto,kodim23.png,60,25358,0.1037,0.1757,76.6959,93859195c526149052b852c87878c12b
kodak,3,auto,kodim15.png,50,22886,0.0988,0.2014,64.0676,410018640781a8e83c8edc5b73bd2241
kodak,8,auto,kodim20.png,55,23150,0.141,0.3417,72.035,c899d17eda1a252bb994b102a11b52ca
kodak,3,auto,kodim05.png,80,115301,0.1861,0.4411,85.9175,5fab7ea18dbd98107c7b3e920a9552c5
large,8,2,mosaicA.png,80,804991,0.8461,2.4748,84.4952,4b1499908bee97b377d2a2d09e7a9885
kodak,4,none,kodim13.png,70,117550,0.1509,0.4261,80.379,566bca8dd82784feecedf76baa8aa967
kodak,4,auto,kodim15.png,70,48975,0.0948,0.2273,79.4673,e8c91646def445775fde6784a027d347
kodak,2,2x2,kodim21.png,70,60692,0.1504,0.2721,78.9102,4d41115c38bc341b20246dc437e0ac6b
kodak,4,auto,kodim23.png,55,21149,0.0779,0.185,73.3007,3768a510c8bca8d67d87878468689472
kodak,2,none,kodim21.png,60,41481,0.1472,0.249,72.7302,2d36a17d92ce5791b2cf885525314b04
kodak,8,none,kodim20.png,70,40220,0.1718,0.4177,82.2547,5a54ce49143a6570b83b11fef8dc8aa6
large,8,none,mosaicA.png,80,806841,0.8033,2.4655,84.4978,21125df446ea9287d368dbf4f87fdb3a
kodak,4,2x2,kodim20.png,50,19582,0.1118,0.3134,68.2759,061b223d57f9a9f8fb3822d305a5e411
kodak,8,none,kodim03.png,60,28261,0.0955,0.2077,75.8615,bcd044ebf6efc232dd4eb332b046827a
kodak,8,none,kodim15.png,55,27983,0.1005,0.2221,68.8395,34692daf05ba6209f2a670ba2ba86f0c
kodak,2,auto,kodim05.png,50,45448,0.1941,0.355,63.9468,878e942443435ff1fe3badcc7d9424eb
kodak,3,auto,kodim19.png,55,32717,0.1093,0.2346,66.2084,cfeb9ac53d40c3b0e3c13fa05e932184
kodak,2,auto,kodim23.png,80,49909,0.1333,0.2301,84.6725,84ee8be234c9339be6fcc1906c719c93
large,1,none,mosaicB.png,50,271482,1.9865,1.986,63.6963,6f090adfe067b907f008dd63551412a3
kodak,8,none,kodim03.png,70,37857,0.0908,0.2111,80.5444,7090b0ed8738d531876b0c262b281ade
kodak,3,2x2,kodim15.png,80,66928,0.1092,0.2374,83.9397,e5fd5df3ba7686c00e8c08ffe10176c6
kodak,4,auto,kodim01.png,65,70279,0.1268,0.3743,74.6334,fc63104194097f068609aef79ca502bc
kodak,4,auto,kodim08.png,80,114723,0.1512,0.4137,84.6915,fcb7e4aa2500edc697a7de3974c467a2
kodak,4,2x2,kodim08.png,60,62552,0.1368,0.4014,73.4774,12abddc6db33c951f53ee80938a83f5a
kodak,4,none,kodim21.png,50,28122,0.0884,0.2196,63.5443,b638d5c486487e5f1b330dca49ffe26a
large,2,2x2,mosaicB.png,60,399976,1.2981,2.3224,73.6596,769df4acd7502eb135b4d75003c58c13
kodak,2,2x2,kodim13.png,70,117673,0.2356,0.4339,80.3248,b735ab3cbe8d9c59e71b2fd40273990c
large,2,2x2,mosaicA.png,60,435490,1.3561,2.4759,73.0881,c17ddf8267b3826857cf0c71d6c5af4b
kodak,8,2x2,kodim21.png,50,28146,0.091,0.2229,63.6847,864464bd073ead55785158a2e7092da1
kodak,8,none,kodim19.png,60,41172,0.1143,0.2554,72.2636,8be12ca72a10e765c968a43e9321e47d
kodak,3,none,kodim03.png,40,12488,0.0907,0.1857,54.8712,516ef16ba9d3d5fa3fc0a304f2fe9d5b
large,8,2,mosaicB.png,70,560937,0.8412,2.4442,79.9846,ade160b02f8770b6a553ac379826b17d
large,4,none,mosaicA.png,60,436196,0.832,2.5629,73.0896,a312d0d3ebc409fa9a9a2d7c75ef7478
kodak,4,2x2,kodim19.png,50,27128,0.0804,0.2091,60.8031,ed6ed86f45e2d4020f485c57b6845268
kodak,2,auto,kodim21.png,50,28122,0.1286,0.2143,63.5443,b638d5c486487e5f1b330dca49ffe26a
large,1,2x2,mosaicB.png,80,742120,2.2513,2.2506,84.4464,4a5b05fdae81317d961f1e2c418a053b
kodak,2,2x2,kodim21.png,65,47641,0.1427,0.2464,75.1782,92dbd1d9d4e2c2c346a44c0f2d486615
kodak,1,2x2,kodim01.png,80,114078,0.3693,0.3689,84.6996,dec5f689081a99d62c8df21cb321553d
large,8,2,mosaicB.png,40,172739,0.6603,1.7993,49.2461,d0d1938083bf8d84c642a991b0702982
kodak,4,2x2,kodim15.png,80,66928,0.1002,0.263,83.9397,e5fd5df3ba7686c00e8c08ffe10176c6
large,3,auto,mosaicB.png,60,400461,0.9273,2.2924,73.6119,65398f81cab18c59d9b9215c41380aed
kodak,8,2x2,kodim13.png,65,95243,0.1442,0.4156,75.2071,015a7d7a6fb229217dcc12764a58e3e9
large,1,2,mosaicB.png,40,173091,1.8134,1.8131,49.3865,e053735942f280e1224c6b460355c24c
kodak,3,auto,kodim13.png,50,56490,0.1494,0.3381,58.905,24173ffa717da116668ba2d13e4d9c27
large,1,none,mosaicB.png,60,400578,2.181,2.1806,73.6603,795b6d6ada6e31fe080a79403f12d9fd
kodak,4,2x2,kodim13.png,60,84318,0.1364,0.3935,71.938,497eaa82f933a3c73a13324896aa6fe0
kodak,8,2x2,kodim01.png,55,48820,0.1104,0.3223,64.9177,b1d0af51f31aed44b78d7c4bf101a83d
kodak,1,none,kodim19.png,55,32721,0.2099,0.2098,66.4539,f61fc7e828dc2cdbbbc843eda967bbf9
kodak,3,none,kodim15.png,55,27983,0.1043,0.216,68.8395,34692daf05ba6209f2a670ba2ba86f0c
kodak,4,none,kodim15.png,65,39331,0.0959,0.2254,75.9321,164d07751926063a2e8dbc0ff5c8d7fe
kodak,3,none,kodim05.png,55,53447,0.1852,0.4275,69.1177,b322bd277f9759da87921e982aaf274d
kodak,2,none,kodim23.png,60,25358,0.1042,0.1765,76.6959,93859195c526149052b852c87878c12b
kodak,8,none,kodim20.png,50,19475,0.138,0.3336,68.4079,5c079035c27b214c77a36b53e05b35c2
kodak,8,none,kodim20.png,80,54786,0.1808,0.4704,85.999,3b1d920a57b37cc00aa8f8f102458f63
kodak,1,auto,kodim15.png,55,27992,0.2132,0.2129,68.8697,b72dd0a5f3c9f1b88bc222cefca0d361
large,1,2x2,mosaicA.png,70,614508,2.4299,2.4295,79.9023,b00acadbb528a948950ad2f9f49dc9f7
large,8,none,mosaicA.png,50,294452,0.7172,2.169,62.4911,4ae2dfe4f3f9c49d94152a9cddf44e28
kodak,8,auto,kodim05.png,65,73680,0.165,0.4164,77.4998,66dff0bfa9a61b09ef937cba4514b618
kodak,2,2x2,kodim23.png,80,50165,0.1305,0.2271,84.7041,09db603b14e5e08d223f7fb3f92b8643
kodak,3,auto,kodim13.png,65,95206,0.1778,0.4198,75.3247,49f7143490d36b7c48041ebee7303d4b
kodak,1,none,kodim19.png,80,80137,0.3018,0.3016,84.1487,ece031fe804e811ba6bd0e87bc9016af
large,8,auto,mosaicA.png,50,294452,0.7646,2.294,62.4911,4ae2dfe4f3f9c49d94152a9cddf44e28
large,8,2x2,mosaicB.png,60,399976,0.7871,2.3497,73.6596,769df4acd7502eb135b4d75003c58c13
kodak,2,none,kodim05.png,80,115301,0.241,0.4486,85.9175,5fab7ea18dbd98107c7b3e920a9552c5
kodak,3,none,kodim20.png,60,28931,0.1658,0.361,76.8997,ce9f04f14fe334d7a0e561726bc49c65
kodak,2,none,kodim13.png,65,95206,0.2142,0.3878,75.3247,49f7143490d36b7c48041ebee7303d4b
kodak,2,2x2,kodim23.png,70,35345,0.1121,0.1926,80.9307,a3e7569d061d8e1f70053f564ec3e694
kodak,3,auto,kodim08.png,80,114723,0.1824,0.4115,84.6915,fcb7e4aa2500edc697a7de3974c467a2
kodak,8,2x2,kodim03.png,40,12621,0.0774,0.1847,54.7219,ebb83e92a09bf5ebb4a74ad9c7e96340
large,8,none,mosaicB.png,50,271171,0.7091,2.0832,63.6161,9d84e2fc99943e62bf32443ef31249f1
kodak,3,auto,kodim23.png,55,21149,0.093,0.1876,73.3007,3768a510c8bca8d67d87878468689472
kodak,4,2x2,kodim15.png,70,49201,0.0867,0.2186,79.471,eb0e70500e682e9e63b79e9e87aa4ea5
large,8,none,mosaicB.png,70,561833,0.7785,2.317,79.9766,1d4bcfe90b459cb4687e8c4b534da5cd
large,3,2x2,mosaicB.png,70,561480,0.9994,2.4445,80.0031,bf3f42c1f4ff93f33b1e686e2d9b74f8
kodak,2,none,kodim20.png,65,32331,0.2021,0.3608,79.0844,d71948cf1b2e440c9be2723756aaae9b
kodak,2,2x2,kodim13.png,50,56660,0.1847,0.3296,58.9187,40369761befb6e9cc6c1d8abec106f59
kodak,4,auto,kodim01.png,70,88244,0.1242,0.3505,79.5822,5e3490a04c63e5f7e80c628fff8f1ca6
kodak,2,2x2,kodim03.png,50,19768,0.1133,0.1904,67.6354,f432cfa394c6fb315b13cef0d9f81163
kodak,4,auto,kodim15.png,55,27983,0.0903,0.2175,68.8395,34692daf05ba6209f2a670ba2ba86f0c
large,1,none,mosaicA.png,80,806765,2.472,2.4717,84.4672,1e76e75a150158372d7b5600d135a046
kodak,1,none,kodim08.png,40,28305,0.3214,0.3212,50.4165,2fdfa462bf60d97268bcf48889392cfb
large,3,none,mosaicB.png,50,271171,0.8806,2.1036,63.6161,9d84e2fc99943e62bf32443ef31249f1
kodak,1,auto,kodim13.png,50,56508,0.326,0.3258,59.0056,26cc0542f9c286b6f32e63f23b6a3654
kodak,3,none,kodim23.png,65,28436,0.101,0.2004,78.4062,373689ac6aaef5d4179319d3bad6fd0b
kodak,1,none,kodim13.png,50,56508,0.3106,0.3103,59.0056,26cc0542f9c286b6f32e63f23b6a3654
kodak,4,2x2,kodim08.png,50,43037,0.1216,0.3492,63.7309,9295973e2e10b5337847967ddbb1fb41
kodak,1,2x2,kodim01.png,65,70639,0.3613,0.361,74.6747,283d66a057c20e27668e66ed2bd8340d
large,4,2x2,mosaicB.png,50,270822,0.7299,2.1435,63.6676,a1714097ab1e9cb23221ee1b1ad9e6aa
kodak,4,none,kodim05.png,65,73680,0.1574,0.4481,77.4998,66dff0bfa9a61b09ef937cba4514b618
kodak,4,2x2,kodim05.png,50,45672,0.1384,0.3814,63.8471,4b120e5bc99b7170807a5efffd721b84
large,1,none,mosaicA.png,40,186983,1.826,1.8257,47.6973,fdc24b061927a5013d64790ad1330cb8
large,8,2,mosaicA.png,60,434906,0.8204,2.4038,73.0795,35ce744eac70549d212cd0c2e2c63379
large,2,2,mosaicB.png,70,560937,1.2982,2.3573,79.9846,ade160b02f8770b6a553ac379826b17d
kodak,4,2x2,kodim08.png,80,115195,0.1408,0.4246,84.6849,cd22e11c8ea92aa86b6840eb4d7570f1
kodak,4,none,kodim20.png,55,23150,0.1353,0.3386,72.035,c899d17eda1a252bb994b102a11b52ca
kodak,1,2x2,kodim23.png,40,12082,0.1478,0.1476,59.3572,c6e1f9fc40bb91931243fbf3b5421fca
kodak,1,auto,kodim19.png,80,80137,0.2746,0.2744,84.1487,ece031fe804e811ba6bd0e87bc9016af
kodak,3,none,kodim15.png,65,39331,0.1043,0.2172,75.9321,164d07751926063a2e8dbc0ff5c8d7fe
kodak,3,auto,kodim19.png,80,79969,0.1337,0.2886,84.1279,58621a3faa260e72d87044ca18cc14f9
kodak,2,2x2,kodim03.png,80,50858,0.1366,0.2339,84.4346,a8770b86fb447f0191f204dd09d81ed0
kodak,3,2x2,kodim05.png,55,53753,0.1592,0.3836,69.1345,12666b7da44371269e5a5f533280781d
kodak,8,2x2,kodim01.png,80,113955,0.1355,0.4058,84.7254,3c20d2d30a092a5657076a9a6c603b9d
kodak,2,none,kodim19.png,70,58803,0.1835,0.3015,79.0693,e0e68bcc4de9ad50c1a52ae334de43c5
kodak,2,auto,kodim15.png,65,39331,0.1287,0.2155,75.9321,164d07751926063a2e8dbc0ff5c8d7fe
kodak,3,none,kodim23.png,50,17853,0.0875,0.1784,69.7625,54429bea56eeb608d5c2e7dd42ae02d2
kodak,3,none,kodim08.png,55,50431,0.1579,0.3608,68.4206,517be095ce442c9c4313ed01081ed15d
kodak,2,2x2,kodim23.png,50,17986,0.1061,0.177,69.8138,4d0b5a26e61d6f7d7398e0b0c250051b
kodak,8,2x2,kodim20.png,40,12543,0.1005,0.2556,55.1299,1317a91b38774a091e004753a45cf78b
kodak,1,none,kodim21.png,65,47650,0.2459,0.2457,75.2532,276ef9e416280de0df5f934be9730d37
kodak,8,auto,kodim13.png,50,56490,0.1283,0.3127,58.905,24173ffa717da116668ba2d13e4d9c27
large,3,2,mosaicA.png,40,185882,0.8323,1.9324,47.6068,fd8dff7c8a62e1457ffabfb2fcd6a00f
large,2,none,mosaicB.png,60,400461,1.2364,2.2312,73.6119,65398f81cab18c59d9b9215c41380aed
kodak,4,auto,kodim01.png,50,40688,0.1135,0.317,58.8636,5a4b1d63d4eab37de0407a2bffab0844
kodak,4,auto,kodim13.png,70,117550,0.1478,0.4171,80.379,566bca8dd82784feecedf76baa8aa967
kodak,1,auto,kodim13.png,60,84319,0.3785,0.3781,72.0883,5b1c86d0ee802bda3e6db1a1dcdbdcaf
large,4,2x2,mosaicB.png,40,173080,0.6571,1.8403,49.2111,3e7232cb3e6c8c88b8d0666f3c0288bc
kodak,1,2x2,kodim13.png,55,67707,0.3716,0.3713,64.9178,30949409210b8a79107e07f142d507e5
kodak,8,none,kodim05.png,55,53447,0.1601,0.4268,69.1177,b322bd277f9759da87921e982aaf274d
kodak,3,none,kodim23.png,70,35122,0.1012,0.2103,80.9167,100a8a39533c4009bd86c91f7cb32826
kodak,4,2x2,kodim20.png,80,54949,0.15,0.4501,85.9958,a7d042515afa5e49c72784bd1d3315b7
kodak,3,none,kodim08.png,50,42720,0.1505,0.3388,63.8948,8288de019887730f2331631ff54285d2
kodak,3,none,kodim01.png,50,40688,0.1459,0.3247,58.8636,5a4b1d63d4eab37de0407a2bffab0844
kodak,1,none,kodim08.png,55,50395,0.3464,0.3462,68.3999,7b48e75b91cd60af9f4a195a802ab482
kodak,4,none,kodim03.png,60,28261,0.0854,0.1903,75.8615,bcd044ebf6efc232dd4eb332b046827a
kodak,8,auto,kodim19.png,50,26985,0.0995,0.2118,60.7544,7075426d37284e3c49c9890ba21d851e
kodak,3,2x2,kodim21.png,50,28146,0.099,0.2129,63.6847,864464bd073ead55785158a2e7092da1
kodak,1,2x2,kodim20.png,50,19658,0.2974,0.2971,68.5078,040f3e72de0f36cb6498889849524751
kodak,1,2x2,kodim05.png,50,45656,0.3545,0.3542,63.9899,c7756ad48384e0d875a7fa66c0246ec2
kodak,3,none,kodim08.png,80,114723,0.1887,0.4292,84.6915,fcb7e4aa2500edc697a7de3974c467a2
large,2,auto,mosaicB.png,50,271171,1.1496,2.0467,63.6161,9d84e2fc99943e62bf32443ef31249f1
kodak,2,2x2,kodim15.png,60,35107,0.1304,0.2154,73.5011,a085a30e8c1af50ff54d3963862b2d6e
kodak,2,none,kodim20.png,55,23150,0.1905,0.337,72.035,c899d17eda1a252bb994b102a11b52ca
kodak,4,2x2,kodim21.png,50,28146,0.0855,0.2193,63.6847,864464bd073ead55785158a2e7092da1
kodak,1,auto,kodim01.png,50,40639,0.3101,0.3084,58.8164,0cd0bbbb0631d4a41305edd9d1f83f9e
kodak,3,none,kodim19.png,55,32717,0.1038,0.2253,66.2084,cfeb9ac53d40c3b0e3c13fa05e932184
kodak,4,auto,kodim21.png,70,60555,0.1019,0.267,78.9881,09fb2dddb62a805bf3723e3b45a72c5d
kodak,3,2x2,kodim08.png,80,115195,0.1784,0.4144,84.6849,cd22e11c8ea92aa86b6840eb4d7570f1
large,2,auto,mosaicB.png,40,173494,1.034,1.822,49.1185,3babbe48d4b7495f12a62bcd26598446
kodak,4,2x2,kodim21.png,65,47641,0.0963,0.2535,75.1782,92dbd1d9d4e2c2c346a44c0f2d486615
kodak,4,auto,kodim08.png,65,70373,0.149,0.3945,75.9632,1a76b4e7234e63173aaab4d00e54ddad
kodak,3,auto,kodim21.png,70,60555,0.1264,0.2709,78.9881,09fb2dddb62a805bf3723e3b45a72c5d
kodak,2,2x2,kodim08.png,70,88530,0.2326,0.4219,80.0273,901429ea526dad8bb93a30c2b87b4a2a
large,3,none,mosaicA.png,60,436196,0.9665,2.3818,73.0896,a312d0d3ebc409fa9a9a2d7c75ef7478
kodak,3,2x2,kodim23.png,70,35345,0.0956,0.2069,80.9307,a3e7569d061d8e1f70053f564ec3e694
kodak,2,2x2,kodim19.png,65,46836,0.1357,0.2384,74.7916,19874bd7d4704c84fd76de6b04dbb34c
kodak,1,2x2,kodim21.png,40,17998,0.1777,0.1774,49.6536,2fb28a189d3331f0057555b0419c043a
large,4,2,mosaicA.png,60,434906,0.8465,2.4869,73.0795,35ce744eac70549d212cd0c2e2c63379
kodak,3,auto,kodim15.png,70,48975,0.1224,0.2528,79.4673,e8c91646def445775fde6784a027d347
kodak,3,auto,kodim03.png,50,19670,0.0945,0.1955,67.6937,2294fb87a2e8b68434a619ac8a0fa060
kodak,2,auto,kodim21.png,55,33458,0.1402,0.2337,67.6227,9576bfd5f60e337236dceb130dda49a3
kodak,8,auto,kodim19.png,80,79969,0.1286,0.3073,84.1279,58621a3faa260e72d87044ca18cc14f9
large,1,auto,mosaicB.png,80,743048,2.3926,2.3921,84.445,7c6c529acdc46748d82bc580ff716c83
kodak,1,auto,kodim03.png,65,31656,0.1972,0.1969,77.5874,ed37d980dab77bd5d074f6734110bee3
kodak,3,2x2,kodim23.png,55,21395,0.0957,0.2062,73.2653,db708f8603bdc15976ba863130c7e4f1
large,2,2,mosaicA.png,80,804991,1.3846,2.5117,84.4952,4b1499908bee97b377d2a2d09e7a9885
kodak,2,auto,kodim13.png,40,35318,0.1724,0.2993,40.4241,6207a6220b68263fb4f101fada403153
kodak,2,auto,kodim20.png,40,12415,0.1629,0.2832,55.0763,e497495a3dd47b148ec8a8fcda754d1a
kodak,4,2x2,kodim23.png,40,12012,0.0675,0.1655,59.2728,3760e2332e69708119e8798fa774f992
kodak,8,none,kodim15.png,50,22886,0.0937,0.2225,64.0676,410018640781a8e83c8edc5b73bd2241
kodak,4,auto,kodim03.png,65,31539,0.101,0.2411,77.5316,68e7a6c3fdea41793c208b7b1553bf3c
kodak,1,auto,kodim13.png,55,67722,0.352,0.3517,65.0143,669449f6a06945446c7d9fd22ccdeae6
kodak,2,auto,kodim01.png,65,70279,0.1962,0.3555,74.6334,fc63104194097f068609aef79ca502bc
kodak,2,none,kodim15.png,40,14180,0.1131,0.1818,49.8485,724e5f4a7b91c8b4e3f9134570375267
kodak,3,2x2,kodim19.png,60,41415,0.108,0.2447,72.1728,b9aad0780330cc5c0786f7d86d97baa2
kodak,4,none,kodim05.png,50,45448,0.1295,0.3718,63.9468,878e942443435ff1fe3badcc7d9424eb
kodak,4,auto,kodim05.png,55,53447,0.1353,0.3978,69.1177,b322bd277f9759da87921e982aaf274d
kodak,3,auto,kodim13.png,70,117550,0.1746,0.4047,80.379,566bca8dd82784feecedf76baa8aa967
kodak,3,none,kodim19.png,65,46602,0.1201,0.2546,74.9621,e4407567da99e6d87bde70838e328fde
large,4,none,mosaicB.png,70,561833,0.7811,2.3831,79.9766,1d4bcfe90b459cb4687e8c4b534da5cd
kodak,4,2x2,kodim21.png,55,33583,0.0933,0.2419,67.6419,1c3dd3d40f0e14bfc59efde5749e9ce6
kodak,8,none,kodim13.png,55,67596,0.1385,0.3549,65.1153,0e601ffce188d21f879e12ca82d6bfbd
kodak,2,2x2,kodim20.png,80,54949,0.245,0.4558,85.9958,a7d042515afa5e49c72784bd1d3315b7
kodak,2,none,kodim20.png,40,12415,0.1455,0.2499,55.0763,e497495a3dd47b148ec8a8fcda754d1a
large,2,none,mosaicA.png,70,615202,1.3898,2.5387,79.8288,595dd732d813f007a3f962aa2460dd2e
large,3,auto,mosaicA.png,80,806841,1.0244,2.5352,84.4978,21125df446ea9287d368dbf4f87fdb3a
kodak,2,none,kodim03.png,40,12488,0.1118,0.1839,54.8712,516ef16ba9d3d5fa3fc0a304f2fe9d5b
kodak,4,2x2,kodim08.png,40,28704,0.1168,0.3377,50.7372,9c08216bcf5e7f8ca7c618bd4e251659
kodak,3,none,kodim21.png,55,33458,0.1148,0.2453,67.6227,9576bfd5f60e337236dceb130dda49a3
large,4,2,mosaicB.png,60,399614,0.8122,2.3504,73.6789,911f58da82a6d57dd53a86f83661db40
large,8,auto,mosaicA.png,70,615202,0.8208,2.5271,79.8288,595dd732d813f007a3f962aa2460dd2e
large,3,auto,mosaicB.png,50,271171,0.8629,2.0881,63.6161,9d84e2fc99943e62bf32443ef31249f1
large,1,2,mosaicA.png,70,614015,2.3944,2.394,79.9181,566c0abc6b407a85131ff3fc75698aa5
kodak,8,2x2,kodim19.png,55,32806,0.0991,0.2358,66.0077,03913474d0fca894312ff315e71ed4c1
kodak,2,auto,kodim19.png,40,16386,0.1176,0.1931,44.3107,3fa609e577cb1c07cad715c6ad19cca0
kodak,3,auto,kodim20.png,55,23150,0.1489,0.3167,72.035,c899d17eda1a252bb994b102a11b52ca
kodak,4,none,kodim08.png,50,42720,0.1352,0.3572,63.8948,8288de019887730f2331631ff54285d2
kodak,8,auto,kodim08.png,55,50431,0.1445,0.3882,68.4206,517be095ce442c9c4313ed01081ed15d
kodak,1,none,kodim01.png,50,40639,0.2924,0.2922,58.8164,0cd0bbbb0631d4a41305edd9d1f83f9e
kodak,2,auto,kodim20.png,50,19475,0.172,0.3018,68.4079,5c079035c27b214c77a36b53e05b35c2
kodak,4,none,kodim01.png,65,70279,0.1577,0.4147,74.6334,fc63104194097f068609aef79ca502bc
large,1,auto,mosaicA.png,40,186983,1.8508,1.8505,47.6973,fdc24b061927a5013d64790ad1330cb8
kodak,1,none,kodim23.png,55,21173,0.1691,0.1688,73.2835,867d8f44b432d06d1311cb9c334ab175
kodak,3,2x2,kodim13.png,60,84318,0.1571,0.3705,71.938,497eaa82f933a3c73a13324896aa6fe0
kodak,8,none,kodim08.png,40,28347,0.1328,0.3355,50.8841,d737a9549f83fbd224f783927d15ad7d
kodak,8,auto,kodim20.png,80,54786,0.1887,0.4749,85.999,3b1d920a57b37cc00aa8f8f102458f63
kodak,1,auto,kodim03.png,80,50789,0.2133,0.213,84.5267,98180ce3a283ae0a0f321bd0ae524a1a
kodak,4,2x2,kodim05.png,40,31023,0.1183,0.3468,49.3559,9506adffb6390696f7e4dd3d2c93efef
kodak,8,2x2,kodim15.png,50,23054,0.0959,0.2397,64.0969,330633295e128858b8317bd6ef4160ef
kodak,4,2x2,kodim20.png,70,40333,0.1417,0.414,82.1266,7e80c215b3220eda9df97ca79997fd0f
kodak,1,2x2,kodim15.png,55,28227,0.2199,0.2196,68.8029,847bb36a439baf4cf7a7af76244eb413
kodak,4,auto,kodim08.png,60,62100,0.1572,0.4188,73.4464,48f782be3fef8798600d45f16b60d75a
kodak,3,none,kodim01.png,60,60704,0.1448,0.3369,71.093,4dfaf6f76280dea7e0a3f452b296a1ee
kodak,4,auto,kodim15.png,50,22886,0.0938,0.2205,64.0676,410018640781a8e83c8edc5b73bd2241
kodak,8,auto,kodim08.png,80,114723,0.1617,0.4102,84.6915,fcb7e4aa2500edc697a7de3974c467a2
kodak,2,2x2,kodim20.png,60,29052,0.1957,0.3518,76.8834,c82e421ae87ba8c4d3b0ddf89b7aff11
kodak,4,auto,kodim15.png,65,39331,0.0989,0.2351,75.9321,164d07751926063a2e8dbc0ff5c8d7fe
kodak,4,none,kodim03.png,50,19670,0.085,0.1998,67.6937,2294fb87a2e8b68434a619ac8a0fa060
kodak,2,2x2,kodim20.png,70,40333,0.2124,0.3956,82.1266,7e80c215b3220eda9df97ca79997fd0f
kodak,4,none,kodim23.png,70,35122,0.0855,0.1951,80.9167,100a8a39533c4009bd86c91f7cb32826
kodak,1,2x2,kodim03.png,60,28423,0.1994,0.1992,75.8908,51d656b187b0a40bc808a1a65e2a669a
kodak,1,2x2,kodim20.png,80,54559,0.4424,0.4422,85.934,862dc1b97f4b0c855f4c683789c1a622
kodak,2,2x2,kodim15.png,65,39590,0.1321,0.2208,76.0075,7b83eaee58de2193820fb610ba112368
kodak,1,none,kodim03.png,60,28356,0.192,0.1916,75.9113,a6772e3b931970220271e7e6106c21a7
kodak,4,none,kodim13.png,80,148800,0.1563,0.4612,85.4717,04536de3129373675ece6ff8fa467608
kodak,8,none,kodim23.png,80,49909,0.0991,0.2323,84.6725,84ee8be234c9339be6fcc1906c719c93
kodak,4,2x2,kodim23.png,55,21395,0.0731,0.1787,73.2653,db708f8603bdc15976ba863130c7e4f1
large,3,2x2,mosaicA.png,40,186322,0.8144,1.9272,47.5311,8085028dcdcd5f1b5e7105e2c14be072
kodak,3,none,kodim01.png,55,48699,0.1396,0.3221,64.9165,fdc0f40174d6872b22c9fc124ca0a0a6
kodak,8,auto,kodim05.png,60,64767,0.1526,0.3924,74.5074,6700235589bb3b862e497c43707fdf56
kodak,1,2x2,kodim13.png,80,149067,0.4418,0.4415,85.5502,7cfc657a102d23b6054f82848f60fd21
kodak,2,2x2,kodim20.png,55,23261,0.1715,0.313,72.2091,25c37189b3d81dff27037fbfc76afa24
large,8,2x2,mosaicB.png,80,742275,0.8296,2.4754,84.4383,7c88acd4560b55e2efa0936745d8a5e9
kodak,8,none,kodim05.png,70,89998,0.1587,0.4033,81.2615,57fddeeb66d33252804d7bc916f7c032
large,3,none,mosaicA.png,50,294452,0.895,2.178,62.4911,4ae2dfe4f3f9c49d94152a9cddf44e28
kodak,3,none,kodim13.png,60,84221,0.1619,0.3715,72.0136,155b7071172b327ef81c3407ff26cae7
kodak,8,auto,kodim01.png,60,60704,0.1382,0.3415,71.093,4dfaf6f76280dea7e0a3f452b296a1ee
kodak,4,auto,kodim03.png,60,28261,0.0901,0.2017,75.8615,bcd044ebf6efc232dd4eb332b046827a
kodak,8,2x2,kodim19.png,70,59089,0.1263,0.2724,79.109,c6c124ae79f78c3e426c5c73ba629e1a
kodak,4,2x2,kodim23.png,65,28661,0.0734,0.1876,78.4758,8b8bb521e7cb86b7ae4594ee32cbb899
kodak,2,auto,kodim13.png,60,84221,0.2108,0.379,72.0136,155b7071172b327ef81c3407ff26cae7
kodak,8,2x2,kodim23.png,65,28661,0.0759,0.1881,78.4758,8b8bb521e7cb86b7ae4594ee32cbb899
kodak,8,none,kodim13.png,80,148800,0.1784,0.4471,85.4717,04536de3129373675ece6ff8fa467608
kodak,3,auto,kodim01.png,40,25217,0.1136,0.2533,42.3554,4022a366db7f7f1b377cba140b003792
kodak,8,none,kodim08.png,80,114723,0.1712,0.4562,84.6915,fcb7e4aa2500edc697a7de3974c467a2
large,2,2,mosaicA.png,60,434906,1.3469,2.4375,73.0795,35ce744eac70549d212cd0c2e2c63379
kodak,1,none,kodim08.png,70,88164,0.4026,0.4025,79.9776,cd2d2da4205796fb274393c10f47e865
kodak,3,auto,kodim01.png,60,60704,0.1492,0.3463,71.093,4dfaf6f76280dea7e0a3f452b296a1ee
kodak,1,auto,kodim15.png,70,48996,0.2229,0.2227,79.5116,724c9298650fee696f811b9f5f07a6df
kodak,1,2x2,kodim03.png,40,12716,0.1779,0.1776,55.109,c952e96b14b0f90ded606d0485fbcf5a
kodak,3,none,kodim03.png,50,19670,0.0972,0.1994,67.6937,2294fb87a2e8b68434a619ac8a0fa060
kodak,8,2x2,kodim05.png,40,31023,0.1225,0.3585,49.3559,9506adffb6390696f7e4dd3d2c93efef
kodak,1,2x2,kodim23.png,50,17984,0.1726,0.1724,69.945,d82bc1514314d6c9883d97ff48299f0b
kodak,8,auto,kodim21.png,40,17835,0.0895,0.199,49.2289,627f10e218311e223c4e82e49fb43ca9
kodak,3,auto,kodim05.png,60,64767,0.1737,0.4124,74.5074,6700235589bb3b862e497c43707fdf56
kodak,4,none,kodim05.png,55,53447,0.1397,0.3993,69.1177,b322bd277f9759da87921e982aaf274d
kodak,2,none,kodim01.png,50,40688,0.1653,0.3022,58.8636,5a4b1d63d4eab37de0407a2bffab0844
kodak,1,2x2,kodim08.png,65,70776,0.3895,0.3893,75.9858,8d52bf05a45bb879e516b9b1b7bdf5d5
kodak,4,none,kodim13.png,60,84221,0.1415,0.3787,72.0136,155b7071172b327ef81c3407ff26cae7
kodak,1,2x2,kodim08.png,50,43129,0.3475,0.3472,63.906,0cb1830d4561912dd48811a5776ed575
kodak,4,auto,kodim08.png,40,28347,0.1248,0.3198,50.8841,d737a9549f83fbd224f783927d15ad7d
kodak,8,none,kodim13.png,50,56490,0.1361,0.3336,58.905,24173ffa717da116668ba2d13e4d9c27
large,8,2,mosaicB.png,50,270687,0.7881,2.191,63.7433,b05a66c2f9c9649ed225f10b9a5e1585
kodak,1,none,kodim13.png,80,148927,0.4394,0.4391,85.6174,943c5be2ab75da5f3040b3c1120bc9bf
kodak,1,none,kodim08.png,50,42871,0.3513,0.3511,63.8293,13e7e2121f5a8de0206bf70387c286ea
kodak,8,2x2,kodim20.png,55,23261,0.1267,0.3414,72.2091,25c37189b3d81dff27037fbfc76afa24
kodak,8,2x2,kodim01.png,40,25354,0.0945,0.2686,42.1712,75caceee1449ecc16e3efd148ca4cad3
large,8,auto,mosaicB.png,70,561833,0.7649,2.3167,79.9766,1d4bcfe90b459cb4687e8c4b534da5cd
kodak,4,2x2,kodim23.png,50,17986,0.0742,0.1807,69.8138,4d0b5a26e61d6f7d7398e0b0c250051b
kodak,2,auto,kodim21.png,80,83122,0.1643,0.2796,83.3871,43c3834d51916ee9fedd7461e15e74c0
kodak,8,2x2,kodim03.png,50,19768,0.083,0.2041,67.6354,f432cfa394c6fb315b13cef0d9f81163
kodak,4,auto,kodim20.png,60,28931,0.1458,0.3661,76.8997,ce9f04f14fe334d7a0e561726bc49c65
kodak,1,auto,kodim03.png,70,38015,0.1909,0.1907,80.571,fa40bb341d6e0680f34a1da1678382b7
kodak,4,none,kodim13.png,40,35318,0.105,0.2866,40.4241,6207a6220b68263fb4f101fada403153
kodak,2,2x2,kodim03.png,60,28354,0.1225,0.2055,75.812,1f7e129ca6b33caea4edc58206787e9e
kodak,1,auto,kodim21.png,55,33634,0.2403,0.24,67.6469,84bc21b0ff555e8ec1f975c67eb5d0c1
kodak,3,none,kodim13.png,50,56490,0.1436,0.3281,58.905,24173ffa717da116668ba2d13e4d9c27
kodak,8,none,kodim20.png,55,23150,0.1415,0.3541,72.035,c899d17eda1a252bb994b102a11b52ca
kodak,1,none,kodim03.png,65,31656,0.208,0.2078,77.5874,ed37d980dab77bd5d074f6734110bee3
kodak,2,2x2,kodim20.png,40,12543,0.1566,0.2777,55.1299,1317a91b38774a091e004753a45cf78b
kodak,4,2x2,kodim01.png,80,113955,0.1413,0.424,84.7254,3c20d2d30a092a5657076a9a6c603b9d
kodak,8,2x2,kodim19.png,40,16491,0.0813,0.1916,44.2216,56107119e59f2d1611dbe3b0d1561b5b
kodak,3,auto,kodim21.png,80,83122,0.1364,0.3048,83.3871,43c3834d51916ee9fedd7461e15e74c0
kodak,1,2x2,kodim15.png,65,39596,0.2131,0.2128,75.9024,e1ed46df1f24e9d32296096e6b38bda0
kodak,3,2x2,kodim15.png,70,49201,0.105,0.2277,79.471,eb0e70500e682e9e63b79e9e87aa4ea5
kodak,3,2x2,kodim03.png,65,31732,0.095,0.2096,77.5578,ee994009cbf120b4b758be9c68371cd1
kodak,1,none,kodim03.png,70,38015,0.1943,0.1941,80.571,fa40bb341d6e0680f34a1da1678382b7
large,3,auto,mosaicA.png,70,615202,0.9854,2.4199,79.8288,595dd732d813f007a3f962aa2460dd2e
kodak,1,auto,kodim08.png,80,114660,0.4054,0.4051,84.6715,65abaa243bd269da7a31a527247b2af4
kodak,8,none,kodim03.png,55,23255,0.1037,0.2255,71.7002,3de52072ac870617f8a795996e5c0751
kodak,8,none,kodim21.png,50,28122,0.0961,0.2245,63.5443,b638d5c486487e5f1b330dca49ffe26a
kodak,4,none,kodim19.png,50,26985,0.0999,0.2252,60.7544,7075426d37284e3c49c9890ba21d851e
kodak,2,2x2,kodim05.png,55,53753,0.2104,0.38,69.1345,12666b7da44371269e5a5f533280781d
kodak,2,none,kodim05.png,40,30753,0.1931,0.3486,49.3746,a3db99712782137780a6d5daa7093379
kodak,4,none,kodim03.png,40,12488,0.0812,0.1919,54.8712,516ef16ba9d3d5fa3fc0a304f2fe9d5b
kodak,1,none,kodim03.png,55,23298,0.2087,0.2084,71.9177,01ee6ba226b16bf54181fc87168cd38d
kodak,2,none,kodim23.png,80,49909,0.1406,0.2404,84.6725,84ee8be234c9339be6fcc1906c719c93
kodak,4,auto,kodim13.png,80,148800,0.1589,0.4521,85.4717,04536de3129373675ece6ff8fa467608
kodak,2,none,kodim08.png,55,50431,0.2011,0.3564,68.4206,517be095ce442c9c4313ed01081ed15d
kodak,2,2x2,kodim01.png,50,40801,0.1645,0.2932,58.6818,b7f2fa25ed461089e58e598e09b98573
large,4,none,mosaicA.png,50,294452,0.7373,2.2238,62.4911,4ae2dfe4f3f9c49d94152a9cddf44e28
kodak,4,auto,kodim05.png,70,89998,0.144,0.4164,81.2615,57fddeeb66d33252804d7bc916f7c032
kodak,2,2x2,kodim13.png,40,35373,0.1644,0.2953,40.2649,b65753349725d09edfad80ca22748389
kodak,1,none,kodim23.png,60,25413,0.1748,0.1746,76.9315,5e08cfd3e6528cc02be64a66249fae33
kodak,4,none,kodim13.png,65,95206,0.1522,0.4168,75.3247,49f7143490d36b7c48041ebee7303d4b
kodak,1,auto,kodim23.png,70,35122,0.1909,0.1907,81.051,6dfe2e74f2eddd68487966ce833b2870
kodak,8,2x2,kodim21.png,55,33583,0.0932,0.235,67.6419,1c3dd3d40f0e14bfc59efde5749e9ce6
kodak,3,none,kodim08.png,70,88154,0.1914,0.4382,80.1081,de09c5a842061c3d97f4a9ccfce97548
large,8,2,mosaicB.png,60,399614,0.815,2.3576,73.6789,911f58da82a6d57dd53a86f83661db40
kodak,8,2x2,kodim01.png,65,70468,0.1255,0.3674,74.6702,7c9c9c3e554822a1343c6c59ca106d4a
kodak,8,auto,kodim01.png,65,70279,0.1547,0.3895,74.6334,fc63104194097f068609aef79ca502bc
kodak,4,2x2,kodim23.png,60,25568,0.0749,0.1892,76.6397,47f9808f2ea6d1a083db03929d9622e1
kodak,2,none,kodim03.png,50,19670,0.1194,0.2009,67.6937,2294fb87a2e8b68434a619ac8a0fa060
large,8,2,mosaicA.png,70,613640,0.8516,2.5123,79.91,666497e27a6b022796d1564d93da9499
kodak,1,2x2,kodim19.png,40,16593,0.1973,0.1971,44.1586,f7ef4b12307f90e6af30899962707843
kodak,4,2x2,kodim15.png,65,39590,0.0905,0.2295,76.0075,7b83eaee58de2193820fb610ba112368
kodak,4,auto,kodim08.png,50,42720,0.1368,0.368,63.8948,8288de019887730f2331631ff54285d2
kodak,3,auto,kodim01.png,65,70279,0.158,0.3508,74.6334,fc63104194097f068609aef79ca502bc
kodak,8,auto,kodim13.png,55,67596,0.1436,0.3384,65.1153,0e601ffce188d21f879e12ca82d6bfbd
kodak,4,auto,kodim19.png,60,41172,0.0951,0.2294,72.2636,8be12ca72a10e765c968a43e9321e47d
kodak,8,auto,kodim15.png,55,27983,0.1007,0.2218,68.8395,34692daf05ba6209f2a670ba2ba86f0c
kodak,8,auto,kodim21.png,70,60555,0.1097,0.2691,78.9881,09fb2dddb62a805bf3723e3b45a72c5d
kodak,3,auto,kodim01.png,50,40688,0.1323,0.2998,58.8636,5a4b1d63d4eab37de0407a2bffab0844
kodak,1,2x2,kodim19.png,80,80401,0.2773,0.2771,84.115,c997e2e3e3689144bc4e0b8055d9f679
kodak,4,2x2,kodim05.png,70,90207,0.1323,0.3965,81.3136,c2f2f26b9b8461fe1699c6786a2b048f
kodak,8,2x2,kodim03.png,80,50858,0.0873,0.2232,84.4346,a8770b86fb447f0191f204dd09d81ed0
large,3,2x2,mosaicA.png,60,435490,1.0186,2.4958,73.0881,c17ddf8267b3826857cf0c71d6c5af4b
kodak,1,2x2,kodim20.png,40,12605,0.2377,0.2374,55.7009,8e577b78b53ef2280fb2be9ae2c415c5
kodak,3,none,kodim21.png,80,83122,0.1223,0.2761,83.3871,43c3834d51916ee9fedd7461e15e74c0
kodak,1,auto,kodim03.png,50,19605,0.1988,0.1985,67.597,3d4989d2d944d3ea36e535971bffb0be
kodak,2,auto,kodim19.png,65,46602,0.1379,0.2352,74.9621,e4407567da99e6d87bde70838e328fde
kodak,2,auto,kodim03.png,80,50736,0.142,0.242,84.4777,1bb627133e037b78e85c0b64ce7793b4
large,2,none,mosaicA.png,80,806841,1.418,2.5628,84.4978,21125df446ea9287d368dbf4f87fdb3a
kodak,2,none,kodim19.png,40,16386,0.1228,0.1996,44.3107,3fa609e577cb1c07cad715c6ad19cca0
kodak,2,none,kodim03.png,80,50736,0.1391,0.24,84.4777,1bb627133e037b78e85c0b64ce7793b4
large,8,auto,mosaicB.png,50,271171,0.74,2.2038,63.6161,9d84e2fc99943e62bf32443ef31249f1
kodak,4,2x2,kodim15.png,55,28199,0.0844,0.2167,68.6899,a10aeac26bad64f6a8d935edf5de0797
large,3,2,mosaicA.png,50,293407,0.9192,2.1736,62.6038,eb9d851a03909d2ffb56c1d11423f445
large,3,2,mosaicB.png,50,270687,0.8798,2.0515,63.7433,b05a66c2f9c9649ed225f10b9a5e1585
large,8,auto,mosaicB.png,40,173494,0.6351,1.8149,49.1185,3babbe48d4b7495f12a62bcd26598446
kodak,8,none,kodim21.png,40,17835,0.0872,0.1913,49.2289,627f10e218311e223c4e82e49fb43ca9
kodak,1,none,kodim20.png,40,12513,0.2492,0.249,55.7221,ce349618f1940a90e13185591f7b7067
kodak,3,none,kodim13.png,65,95206,0.1724,0.4007,75.3247,49f7143490d36b7c48041ebee7303d4b
kodak,3,auto,kodim05.png,70,89998,0.1676,0.3883,81.2615,57fddeeb66d33252804d7bc916f7c032
kodak,3,auto,kodim20.png,50,19475,0.1426,0.306,68.4079,5c079035c27b214c77a36b53e05b35c2
kodak,8,none,kodim21.png,80,83122,0.1226,0.3164,83.3871,43c3834d51916ee9fedd7461e15e74c0
kodak,2,none,kodim13.png,55,67596,0.1948,0.3473,65.1153,0e601ffce188d21f879e12ca82d6bfbd
kodak,4,auto,kodim08.png,70,88154,0.1482,0.386,80.1081,de09c5a842061c3d97f4a9ccfce97548
kodak,1,auto,kodim20.png,70,40336,0.385,0.3848,82.2106,99143facbf85ce1ae9c679bb6af65273
kodak,3,auto,kodim21.png,55,33458,0.1084,0.2288,67.6227,9576bfd5f60e337236dceb130dda49a3
kodak,2,none,kodim15.png,80,66652,0.1508,0.256,83.8828,ef233e27f40f256e666d25f596e17646
kodak,3,2x2,kodim01.png,80,113955,0.1681,0.4067,84.7254,3c20d2d30a092a5657076a9a6c603b9d
kodak,1,2x2,kodim19.png,60,41523,0.2346,0.2344,72.2117,c6124c66b4b1a8afe3894d82ed9fc4c7
kodak,8,none,kodim23.png,70,35122,0.0886,0.2063,80.9167,100a8a39533c4009bd86c91f7cb32826
kodak,4,auto,kodim20.png,55,23150,0.1377,0.3415,72.035,c899d17eda1a252bb994b102a11b52ca
kodak,4,none,kodim20.png,40,12415,0.1043,0.2508,55.0763,e497495a3dd47b148ec8a8fcda754d1a
kodak,3,2x2,kodim08.png,55,50779,0.1616,0.3815,68.3798,fc02fc5f4a9649757daf6d2e95927273
kodak,3,none,kodim03.png,60,28261,0.0953,0.1986,75.8615,bcd044ebf6efc232dd4eb332b046827a
kodak,4,2x2,kodim13.png,65,95243,0.1379,0.4101,75.2071,015a7d7a6fb229217dcc12764a58e3e9
kodak,1,2x2,kodim13.png,40,35581,0.273,0.2727,40.8002,e0b098ebd8170c37f4b4ca9262be7f03
kodak,4,none,kodim15.png,50,22886,0.0952,0.2345,64.0676,410018640781a8e83c8edc5b73bd2241
kodak,1,auto,kodim23.png,40,11951,0.155,0.1546,59.3909,89db3beea2a0b9962e75dc4853340e68
kodak,2,2x2,kodim05.png,70,90207,0.2149,0.3832,81.3136,c2f2f26b9b8461fe1699c6786a2b048f
large,2,none,mosaicB.png,80,742879,1.3,2.3503,84.4529,38c286b3af40953ac40b81b6c1bd11be
kodak,2,2x2,kodim08.png,80,115195,0.2322,0.4275,84.6849,cd22e11c8ea92aa86b6840eb4d7570f1
kodak,2,2x2,kodim23.png,60,25568,0.1087,0.183,76.6397,47f9808f2ea6d1a083db03929d9622e1
large,8,2,mosaicA.png,50,293407,0.8024,2.3137,62.6038,eb9d851a03909d2ffb56c1d11423f445
kodak,2,2x2,kodim21.png,80,83232,0.1647,0.2947,83.3925,6692ed4331428cfeb0fe11843fe9d0f2
kodak,3,2x2,kodim15.png,60,35107,0.0997,0.2093,73.5011,a085a30e8c1af50ff54d3963862b2d6e
kodak,8,none,kodim23.png,55,21149,0.0885,0.1969,73.3007,3768a510c8bca8d67d87878468689472
large,8,2x2,mosaicA.png,60,435490,0.7928,2.3884,73.0881,c17ddf8267b3826857cf0c71d6c5af4b
kodak,4,auto,kodim15.png,40,14180,0.0812,0.1895,49.8485,724e5f4a7b91c8b4e3f9134570375267
kodak,2,2x2,kodim20.png,65,32521,0.2028,0.3697,79.007,c6413b0350e3ff221d0fa00c75c05ab6
kodak,2,auto,kodim20.png,65,32331,0.2014,0.3604,79.0844,d71948cf1b2e440c9be2723756aaae9b
kodak,1,none,kodim05.png,40,30702,0.3498,0.3495,50.0398,cdf0322a5587fffd8a4e31e230df6e67
kodak,2,none,kodim15.png,70,48975,0.1349,0.2269,79.4673,e8c91646def445775fde6784a027d347
kodak,2,2x2,kodim08.png,40,28704,0.1867,0.3294,50.7372,9c08216bcf5e7f8ca7c618bd4e251659
kodak,1,none,kodim03.png,50,19605,0.1928,0.1926,67.597,3d4989d2d944d3ea36e535971bffb0be
kodak,2,none,kodim23.png,40,11850,0.0921,0.1504,59.2057,83e41d3c719fce1bf3ec768e7df32d7d
kodak,1,none,kodim20.png,50,19488,0.2887,0.2885,68.1765,af11e4b5d0e0423786e0f351d8b37265
large,1,auto,mosaicA.png,80,806765,2.4998,2.4992,84.4672,1e76e75a150158372d7b5600d135a046
kodak,8,none,kodim19.png,80,79969,0.1327,0.3033,84.1279,58621a3faa260e72d87044ca18cc14f9
large,8,none,mosaicB.png,60,400461,0.7388,2.205,73.6119,65398f81cab18c59d9b9215c41380aed
kodak,2,auto,kodim20.png,80,54786,0.2629,0.4735,85.999,3b1d920a57b37cc00aa8f8f102458f63
kodak,2,auto,kodim13.png,80,148800,0.2342,0.4299,85.4717,04536de3129373675ece6ff8fa467608
kodak,2,auto,kodim23.png,70,35122,0.1105,0.1865,80.9167,100a8a39533c4009bd86c91f7cb32826
large,4,2,mosaicA.png,40,185882,0.6566,1.8413,47.6068,fd8dff7c8a62e1457ffabfb2fcd6a00f
kodak,4,2x2,kodim20.png,60,29052,0.1152,0.3325,76.8834,c82e421ae87ba8c4d3b0ddf89b7aff11
kodak,3,2x2,kodim08.png,65,70845,0.1704,0.4009,75.9649,e93240c2aece79d679957c8028d44717
kodak,8,auto,kodim13.png,80,148800,0.182,0.4707,85.4717,04536de3129373675ece6ff8fa467608
kodak,1,none,kodim15.png,70,48996,0.2359,0.2358,79.5116,724c9298650fee696f811b9f5f07a6df
large,2,auto,mosaicA.png,60,436196,1.3177,2.3825,73.0896,a312d0d3ebc409fa9a9a2d7c75ef7478
kodak,8,2x2,kodim23.png,70,35345,0.0843,0.2004,80.9307,a3e7569d061d8e1f70053f564ec3e694
kodak,2,2x2,kodim08.png,50,43037,0.2064,0.3668,63.7309,9295973e2e10b5337847967ddbb1fb41
kodak,1,2x2,kodim20.png,65,32526,0.3553,0.355,79.0551,0a8e741fc8f3a287a17a8d8cd55df1fa
kodak,3,auto,kodim19.png,70,58803,0.1181,0.2594,79.0693,e0e68bcc4de9ad50c1a52ae334de43c5
kodak,8,auto,kodim13.png,60,84221,0.153,0.3784,72.0136,155b7071172b327ef81c3407ff26cae7
kodak,4,auto,kodim21.png,65,47501,0.0972,0.2461,75.4027,3a10efcaa6d573bb84c1cef57d16a815
kodak,2,none,kodim21.png,70,60555,0.1601,0.2724,78.9881,09fb2dddb62a805bf3723e3b45a72c5d
large,4,auto,mosaicB.png,50,271171,0.7304,2.1285,63.6161,9d84e2fc99943e62bf32443ef31249f1
kodak,8,auto,kodim01.png,40,25217,0.1143,0.2803,42.3554,4022a366db7f7f1b377cba140b003792
kodak,4,auto,kodim21.png,80,83122,0.1162,0.3136,83.3871,43c3834d51916ee9fedd7461e15e74c0
kodak,3,2x2,kodim01.png,65,70468,0.1574,0.3756,74.6702,7c9c9c3e554822a1343c6c59ca106d4a
kodak,8,2x2,kodim03.png,65,31732,0.0945,0.2427,77.5578,ee994009cbf120b4b758be9c68371cd1
large,4,2x2,mosaicB.png,80,742275,0.8112,2.4481,84.4383,7c88acd4560b55e2efa0936745d8a5e9
kodak,4,auto,kodim23.png,65,28436,0.0746,0.1836,78.4062,373689ac6aaef5d4179319d3bad6fd0b
kodak,2,2x2,kodim01.png,40,25354,0.1542,0.2719,42.1712,75caceee1449ecc16e3efd148ca4cad3
kodak,8,auto,kodim05.png,80,115301,0.1636,0.4333,85.9175,5fab7ea18dbd98107c7b3e920a9552c5
large,3,none,mosaicA.png,70,615202,0.9638,2.3979,79.8288,595dd732d813f007a3f962aa2460dd2e
kodak,2,none,kodim08.png,60,62100,0.2257,0.4001,73.4464,48f782be3fef8798600d45f16b60d75a
kodak,1,none,kodim21.png,55,33634,0.2243,0.2241,67.6469,84bc21b0ff555e8ec1f975c67eb5d0c1
kodak,3,auto,kodim08.png,55,50431,0.163,0.3689,68.4206,517be095ce442c9c4313ed01081ed15d
kodak,1,none,kodim20.png,80,54248,0.4386,0.4383,85.9627,124074963c9b949cddbc11c96d77dd63
large,3,none,mosaicB.png,70,561833,0.9824,2.4019,79.9766,1d4bcfe90b459cb4687e8c4b534da5cd
large,3,2x2,mosaicA.png,50,293868,0.9237,2.18,62.5366,d2de4a1eb83e575279be93204ba08fc6
kodak,8,2x2,kodim21.png,80,83232,0.1183,0.3107,83.3925,6692ed4331428cfeb0fe11843fe9d0f2
kodak,8,none,kodim08.png,60,62100,0.175,0.4178,73.4464,48f782be3fef8798600d45f16b60d75a
kodak,3,2x2,kodim05.png,65,73950,0.1749,0.4219,77.4176,88be5c841650389edd9b01f60274e4b1
kodak,2,none,kodim03.png,70,37857,0.1289,0.2173,80.5444,7090b0ed8738d531876b0c262b281ade
kodak,8,auto,kodim20.png,65,32331,0.1642,0.3876,79.0844,d71948cf1b2e440c9be2723756aaae9b
kodak,3,2x2,kodim21.png,65,47641,0.1147,0.2511,75.1782,92dbd1d9d4e2c2c346a44c0f2d486615
kodak,3,none,kodim20.png,70,40220,0.182,0.4065,82.2547,5a54ce49143a6570b83b11fef8dc8aa6
kodak,1,auto,kodim05.png,60,64908,0.3994,0.3991,74.6109,6d6561ad86b6bc7b7a0335b7e434fc5b
kodak,4,none,kodim03.png,80,50736,0.109,0.2598,84.4777,1bb627133e037b78e85c0b64ce7793b4
kodak,8,auto,kodim20.png,60,28931,0.1412,0.3529,76.8997,ce9f04f14fe334d7a0e561726bc49c65
kodak,2,2x2,kodim19.png,60,41415,0.1375,0.2426,72.1728,b9aad0780330cc5c0786f7d86d97baa2
kodak,8,auto,kodim08.png,60,62100,0.1509,0.3894,73.4464,48f782be3fef8798600d45f16b60d75a
large,2,2x2,mosaicA.png,40,186322,1.0959,1.9308,47.5311,8085028dcdcd5f1b5e7105e2c14be072
kodak,8,none,kodim05.png,40,30753,0.1404,0.3651,49.3746,a3db99712782137780a6d5daa7093379
large,8,auto,mosaicA.png,60,436196,0.8169,2.4968,73.0896,a312d0d3ebc409fa9a9a2d7c75ef7478
kodak,3,none,kodim23.png,55,21149,0.0883,0.1767,73.3007,3768a510c8bca8d67d87878468689472
kodak,1,none,kodim19.png,40,16488,0.1944,0.1942,44.3992,92a6feb526b307fb088f5323cf343b8c
kodak,1,none,kodim13.png,70,117686,0.4035,0.4032,80.4008,7bb9e4003089cbec445996f490d423f8
kodak,1,2x2,kodim19.png,70,59211,0.2456,0.2454,79.189,bccbf8ede558263b7225ed73122f23d2
large,3,2x2,mosaicB.png,80,742275,1.0005,2.4234,84.4383,7c88acd4560b55e2efa0936745d8a5e9
kodak,1,2x2,kodim03.png,65,31743,0.2027,0.2025,77.6381,5db520e90ffbbbdc56b6f506327d56d6
large,2,none,mosaicB.png,40,173494,1.0557,1.8649,49.1185,3babbe48d4b7495f12a62bcd26598446
kodak,8,auto,kodim15.png,50,22886,0.1091,0.2288,64.0676,410018640781a8e83c8edc5b73bd2241
kodak,3,none,kodim01.png,80,113841,0.1764,0.4148,84.7378,293244fb9f3ab1bba37ec52af38f37bd
kodak,3,2x2,kodim13.png,80,149051,0.1845,0.4382,85.5431,270e888e9a904bcfd3098ec7023c9f5a
kodak,3,auto,kodim20.png,65,32331,0.1747,0.3821,79.0844,d71948cf1b2e440c9be2723756aaae9b
kodak,2,2x2,kodim13.png,80,149051,0.2342,0.4278,85.5431,270e888e9a904bcfd3098ec7023c9f5a
kodak,1,auto,kodim05.png,40,30702,0.3453,0.3451,50.0398,cdf0322a5587fffd8a4e31e230df6e67
kodak,2,auto,kodim08.png,70,88154,0.2312,0.4112,80.1081,de09c5a842061c3d97f4a9ccfce97548
kodak,3,auto,kodim21.png,65,47501,0.1171,0.2545,75.4027,3a10efcaa6d573bb84c1cef57d16a815
kodak,2,none,kodim19.png,50,26985,0.1306,0.2151,60.7544,7075426d37284e3c49c9890ba21d851e
kodak,2,none,kodim08.png,70,88154,0.2227,0.4035,80.1081,de09c5a842061c3d97f4a9ccfce97548
kodak,3,2x2,kodim19.png,80,80290,0.125,0.2935,84.0696,97e91ad3f4fe5e0451bea1ddf90a54fa
kodak,4,none,kodim23.png,50,17853,0.0707,0.1697,69.7625,54429bea56eeb608d5c2e7dd42ae02d2
large,1,2x2,mosaicA.png,80,805740,2.4723,2.4719,84.4921,30ad9e4de5d958981ff8f8f6a1cbaab0
kodak,1,none,kodim05.png,70,89969,0.4061,0.4058,81.3805,285fd98bcd2c30735137ff62ae0b0164
large,1,2,mosaicB.png,70,561163,2.2727,2.2721,80.0143,83ba73cdbe62f41952380a7e71f11803
kodak,1,auto,kodim01.png,70,88299,0.3457,0.3454,79.627,26e85858a5f9465b97b3dd1991bccfd2
kodak,1,auto,kodim03.png,40,12716,0.1791,0.1789,55.025,7ed35619ad26b64affd62f23f7655a4d
kodak,2,none,kodim05.png,55,53447,0.1944,0.3537,69.1177,b322bd277f9759da87921e982aaf274d
large,1,auto,mosaicB.png,50,271482,2.0925,2.0917,63.6963,6f090adfe067b907f008dd63551412a3
kodak,1,auto,kodim21.png,70,60717,0.2661,0.2658,79.0478,7c7a72fb2846ba290cc246daaaf7fcf1
kodak,4,none,kodim20.png,50,19475,0.126,0.3068,68.4079,5c079035c27b214c77a36b53e05b35c2
kodak,2,2x2,kodim03.png,55,23357,0.1198,0.2009,71.7081,706fd714f84b24a4b1d1744d600eef59
kodak,8,auto,kodim23.png,55,21149,0.0831,0.1846,73.3007,3768a510c8bca8d67d87878468689472
kodak,8,auto,kodim01.png,80,113841,0.1556,0.4113,84.7378,293244fb9f3ab1bba37ec52af38f37bd
kodak,2,2x2,kodim03.png,40,12621,0.1111,0.185,54.7219,ebb83e92a09bf5ebb4a74ad9c7e96340
kodak,8,2x2,kodim21.png,60,41610,0.1014,0.2586,72.6217,7bffb26da3c9c3e667cafcf99c053341
kodak,3,auto,kodim13.png,60,84221,0.1782,0.3993,72.0136,155b7071172b327ef81c3407ff26cae7
kodak,8,none,kodim05.png,50,45448,0.1426,0.3621,63.9468,878e942443435ff1fe3badcc7d9424eb
kodak,8,auto,kodim21.png,55,33458,0.1009,0.2236,67.6227,9576bfd5f60e337236dceb130dda49a3
kodak,3,2x2,kodim21.png,80,83232,0.127,0.288,83.3925,6692ed4331428cfeb0fe11843fe9d0f2
kodak,1,auto,kodim15.png,80,66606,0.2495,0.2492,83.9522,5d4178b7d486ddd716ade9676f574c15
kodak,4,2x2,kodim19.png,70,59089,0.0954,0.2658,79.109,c6c124ae79f78c3e426c5c73ba629e1a
kodak,3,2x2,kodim19.png,55,32806,0.1041,0.2361,66.0077,03913474d0fca894312ff315e71ed4c1
kodak,3,auto,kodim01.png,55,48699,0.1389,0.3167,64.9165,fdc0f40174d6872b22c9fc124ca0a0a6
large,1,2x2,mosaicB.png,50,271125,1.9888,1.9884,63.7305,5ca357a717b7f4e5296e3856983d4eba
kodak,4,auto,kodim19.png,80,79969,0.1193,0.3074,84.1279,58621a3faa260e72d87044ca18cc14f9
large,1,none,mosaicA.png,50,294586,2.1261,2.1259,62.6016,c86faabbffbac5dcee4a5528c3e7f917
kodak,2,auto,kodim03.png,40,12488,0.1146,0.1924,54.8712,516ef16ba9d3d5fa3fc0a304f2fe9d5b
kodak,1,none,kodim01.png,65,70419,0.3572,0.357,74.6699,6cf69aa781849c4a1711203be7a9f6f2
kodak,3,auto,kodim13.png,55,67596,0.1575,0.3597,65.1153,0e601ffce188d21f879e12ca82d6bfbd
kodak,3,2x2,kodim13.png,70,117673,0.1673,0.3961,80.3248,b735ab3cbe8d9c59e71b2fd40273990c
large,4,2x2,mosaicA.png,80,805813,0.8428,2.5569,84.4971,42014794df6de97ed0c603c71d5e96e3
kodak,8,2x2,kodim15.png,40,14325,0.0728,0.1815,50.0424,5f47850e777be687e2067c393570c233
kodak,3,2x2,kodim20.png,80,54949,0.1977,0.4847,85.9958,a7d042515afa5e49c72784bd1d3315b7
kodak,3,none,kodim13.png,70,117550,0.1785,0.4154,80.379,566bca8dd82784feecedf76baa8aa967
kodak,3,none,kodim05.png,65,73680,0.1659,0.4014,77.4998,66dff0bfa9a61b09ef937cba4514b618
kodak,1,2x2,kodim13.png,50,56671,0.3063,0.3061,59.0655,0a88849310a7bc1b787866bf5cb40a09
kodak,3,auto,kodim21.png,50,28122,0.1079,0.2301,63.5443,b638d5c486487e5f1b330dca49ffe26a
kodak,4,none,kodim21.png,65,47501,0.1077,0.2742,75.4027,3a10efcaa6d573bb84c1cef57d16a815
kodak,3,none,kodim21.png,50,28122,0.0969,0.2023,63.5443,b638d5c486487e5f1b330dca49ffe26a
kodak,8,none,kodim15.png,80,66652,0.1244,0.2766,83.8828,ef233e27f40f256e666d25f596e17646
kodak,1,auto,kodim21.png,65,47650,0.2516,0.2513,75.2532,276ef9e416280de0df5f934be9730d37
kodak,3,2x2,kodim23.png,65,28661,0.0887,0.1889,78.4758,8b8bb521e7cb86b7ae4594ee32cbb899
large,4,auto,mosaicB.png,60,400461,0.8113,2.3229,73.6119,65398f81cab18c59d9b9215c41380aed
kodak,8,2x2,kodim08.png,40,28704,0.1227,0.3485,50.7372,9c08216bcf5e7f8ca7c618bd4e251659
kodak,8,auto,kodim05.png,70,89998,0.153,0.403,81.2615,57fddeeb66d33252804d7bc916f7c032
large,4,none,mosaicB.png,40,173494,0.6359,1.8153,49.1185,3babbe48d4b7495f12a62bcd26598446
kodak,1,auto,kodim19.png,70,58948,0.2418,0.2416,79.1866,9de88d2d878587b0e96b9311a669c4aa
kodak,4,auto,kodim23.png,60,25358,0.0778,0.1851,76.6959,93859195c526149052b852c87878c12b
kodak,2,auto,kodim21.png,70,60555,0.1529,0.2592,78.9881,09fb2dddb62a805bf3723e3b45a72c5d
kodak,4,auto,kodim13.png,50,56490,0.118,0.3245,58.905,24173ffa717da116668ba2d13e4d9c27
kodak,4,none,kodim03.png,70,37857,0.0996,0.217,80.5444,7090b0ed8738d531876b0c262b281ade
kodak,3,none,kodim19.png,50,26985,0.106,0.2255,60.7544,7075426d37284e3c49c9890ba21d851e
kodak,3,2x2,kodim08.png,60,62552,0.162,0.3763,73.4774,12abddc6db33c951f53ee80938a83f5a
kodak,8,none,kodim01.png,55,48699,0.1216,0.3211,64.9165,fdc0f40174d6872b22c9fc124ca0a0a6
kodak,1,auto,kodim03.png,55,23298,0.2063,0.2061,71.9177,01ee6ba226b16bf54181fc87168cd38d
large,4,auto,mosaicA.png,60,436196,0.8089,2.504,73.0896,a312d0d3ebc409fa9a9a2d7c75ef7478
kodak,4,none,kodim19.png,55,32717,0.094,0.2314,66.2084,cfeb9ac53d40c3b0e3c13fa05e932184
kodak,2,auto,kodim05.png,55,53447,0.2055,0.3774,69.1177,b322bd277f9759da87921e982aaf274d
kodak,2,2x2,kodim05.png,60,65159,0.2163,0.3903,74.5972,ad19c1dbce4e7c11cf4bd03726d00183
kodak,4,auto,kodim19.png,40,16386,0.0841,0.1953,44.3107,3fa609e577cb1c07cad715c6ad19cca0
kodak,3,none,kodim20.png,80,54786,0.1968,0.4459,85.999,3b1d920a57b37cc00aa8f8f102458f63
kodak,1,2x2,kodim05.png,65,73921,0.4374,0.4371,77.4414,637391419c2163b9b85a1072f23fb8bf
kodak,8,2x2,kodim23.png,60,25568,0.0826,0.1916,76.6397,47f9808f2ea6d1a083db03929d9622e1
kodak,4,auto,kodim20.png,70,40220,0.1614,0.4126,82.2547,5a54ce49143a6570b83b11fef8dc8aa6
kodak,3,2x2,kodim03.png,55,23357,0.0965,0.2013,71.7081,706fd714f84b24a4b1d1744d600eef59
kodak,4,none,kodim21.png,40,17835,0.0771,0.185,49.2289,627f10e218311e223c4e82e49fb43ca9
kodak,4,auto,kodim21.png,60,41481,0.1261,0.3032,72.7302,2d36a17d92ce5791b2cf885525314b04
kodak,4,2x2,kodim13.png,80,149051,0.1641,0.485,85.5431,270e888e9a904bcfd3098ec7023c9f5a
kodak,3,2x2,kodim03.png,70,38003,0.0946,0.2035,80.4998,7dbbf2c685ead1c65878f70151587f8e
kodak,8,none,kodim13.png,70,117550,0.1542,0.4067,80.379,566bca8dd82784feecedf76baa8aa967
kodak,8,2x2,kodim05.png,55,53753,0.1273,0.3863,69.1345,12666b7da44371269e5a5f533280781d
kodak,2,auto,kodim05.png,70,89998,0.2139,0.3943,81.2615,57fddeeb66d33252804d7bc916f7c032
kodak,4,2x2,kodim20.png,40,12543,0.0925,0.2527,55.1299,1317a91b38774a091e004753a45cf78b
kodak,1,2x2,kodim23.png,65,28670,0.174,0.1738,78.4556,4fcdf479754d177cf059b2297e46c421
kodak,1,none,kodim20.png,60,28963,0.3413,0.3409,76.968,cc6a39ce25a5f479c8b287259e452484
kodak,3,2x2,kodim23.png,80,50165,0.1038,0.2271,84.7041,09db603b14e5e08d223f7fb3f92b8643
kodak,2,none,kodim19.png,55,32717,0.1325,0.219,66.2084,cfeb9ac53d40c3b0e3c13fa05e932184
kodak,3,2x2,kodim01.png,60,61015,0.1452,0.3502,71.1521,ace2254231432a838002615aaf22e07e
kodak,4,2x2,kodim01.png,55,48820,0.1032,0.3039,64.9177,b1d0af51f31aed44b78d7c4bf101a83d
kodak,8,auto,kodim23.png,80,49909,0.108,0.2287,84.6725,84ee8be234c9339be6fcc1906c719c93
kodak,2,none,kodim19.png,60,41172,0.1452,0.2422,72.2636,8be12ca72a10e765c968a43e9321e47d
kodak,4,2x2,kodim01.png,65,70468,0.1256,0.3687,74.6702,7c9c9c3e554822a1343c6c59ca106d4a
large,4,auto,mosaicA.png,70,615202,0.8133,2.4861,79.8288,595dd732d813f007a3f962aa2460dd2e
large,4,2,mosaicB.png,50,270687,0.7483,2.1341,63.7433,b05a66c2f9c9649ed225f10b9a5e1585
kodak,8,auto,kodim05.png,50,45448,0.1527,0.3937,63.9468,878e942443435ff1fe3badcc7d9424eb
kodak,8,auto,kodim15.png,70,48975,0.101,0.2249,79.4673,e8c91646def445775fde6784a027d347
kodak,2,auto,kodim13.png,70,117550,0.2354,0.4211,80.379,566bca8dd82784feecedf76baa8aa967
kodak,2,none,kodim15.png,50,22886,0.1306,0.2155,64.0676,410018640781a8e83c8edc5b73bd2241
kodak,3,none,kodim01.png,40,25217,0.1117,0.248,42.3554,4022a366db7f7f1b377cba140b003792
kodak,3,none,kodim13.png,55,67596,0.151,0.3402,65.1153,0e601ffce188d21f879e12ca82d6bfbd
kodak,2,2x2,kodim01.png,70,88320,0.2003,0.3609,79.5525,e9fb1a0813b19b7b70a6c1db7536ebc8
kodak,1,2x2,kodim03.png,50,19788,0.191,0.1907,67.7796,c43ee8c86d0cf2b26566de2f09096728
kodak,3,none,kodim03.png,80,50736,0.1054,0.2224,84.4777,1bb627133e037b78e85c0b64ce7793b4
kodak,8,auto,kodim19.png,70,58803,0.1265,0.2842,79.0693,e0e68bcc4de9ad50c1a52ae334de43c5
kodak,3,auto,kodim03.png,70,37857,0.1001,0.2072,80.5444,7090b0ed8738d531876b0c262b281ade
large,2,auto,mosaicB.png,70,561833,1.2663,2.2947,79.9766,1d4bcfe90b459cb4687e8c4b534da5cd
kodak,4,2x2,kodim13.png,55,67708,0.1145,0.3398,65.133,3e53356704391d0a90d9f51c7252200e
kodak,8,none,kodim20.png,65,32331,0.1603,0.375,79.0844,d71948cf1b2e440c9be2723756aaae9b
kodak,4,none,kodim08.png,60,62100,0.1499,0.3896,73.4464,48f782be3fef8798600d45f16b60d75a
large,3,auto,mosaicA.png,40,186685,0.7956,1.8976,47.5224,f88688eb4fb7f7227fd161cffda09f6d
kodak,8,none,kodim19.png,70,58803,0.1243,0.266,79.0693,e0e68bcc4de9ad50c1a52ae334de43c5
kodak,2,2x2,kodim01.png,55,48820,0.1648,0.2944,64.9177,b1d0af51f31aed44b78d7c4bf101a83d
kodak,3,auto,kodim23.png,65,28436,0.0987,0.2,78.4062,373689ac6aaef5d4179319d3bad6fd0b
kodak,2,2x2,kodim13.png,65,95243,0.2224,0.3958,75.2071,015a7d7a6fb229217dcc12764a58e3e9
kodak,2,auto,kodim08.png,80,114723,0.2419,0.4315,84.6915,fcb7e4aa2500edc697a7de3974c467a2
kodak,1,auto,kodim23.png,60,25413,0.1773,0.1771,76.9315,5e08cfd3e6528cc02be64a66249fae33
kodak,1,2x2,kodim13.png,70,117839,0.417,0.4167,80.3656,7abf2b8028060e6547758e3ff0728368
large,2,2x2,mosaicB.png,40,173080,1.0517,1.8537,49.2111,3e7232cb3e6c8c88b8d0666f3c0288bc
kodak,1,none,kodim15.png,55,27992,0.2288,0.2285,68.8697,b72dd0a5f3c9f1b88bc222cefca0d361
kodak,8,2x2,kodim15.png,80,66928,0.0991,0.2581,83.9397,e5fd5df3ba7686c00e8c08ffe10176c6
large,1,2x2,mosaicB.png,60,399987,2.1618,2.1614,73.6541,5667eaad60cfb67cd5770c9d7f8f9c04
kodak,8,none,kodim21.png,65,47501,0.1116,0.2565,75.4027,3a10efcaa6d573bb84c1cef57d16a815
kodak,8,auto,kodim03.png,60,28261,0.1008,0.2312,75.8615,bcd044ebf6efc232dd4eb332b046827a
kodak,4,2x2,kodim13.png,40,35373,0.1037,0.293,40.2649,b65753349725d09edfad80ca22748389
kodak,1,2x2,kodim08.png,70,88444,0.4288,0.4285,80.1304,fd8d96d9f06a1dc80c83b549d7f51641
large,8,2x2,mosaicB.png,50,270822,0.7423,2.1784,63.6676,a1714097ab1e9cb23221ee1b1ad9e6aa
kodak,3,auto,kodim20.png,80,54786,0.2031,0.4633,85.999,3b1d920a57b37cc00aa8f8f102458f63
kodak,3,none,kodim05.png,50,45448,0.1525,0.3638,63.9468,878e942443435ff1fe3badcc7d9424eb
kodak,4,none,kodim21.png,70,60555,0.1166,0.2947,78.9881,09fb2dddb62a805bf3723e3b45a72c5d
large,4,none,mosaicA.png,70,615202,0.8048,2.4687,79.8288,595dd732d813f007a3f962aa2460dd2e
kodak,4,auto,kodim13.png,40,35318,0.1125,0.3015,40.4241,6207a6220b68263fb4f101fada403153
kodak,2,2x2,kodim21.png,40,17898,0.1131,0.1917,49.4296,d1071181d59422d311ffa0a91ca91dd5
kodak,3,none,kodim05.png,80,115301,0.1805,0.4341,85.9175,5fab7ea18dbd98107c7b3e920a9552c5
large,1,none,mosaicB.png,70,562071,2.251,2.2507,80.0031,b6db6060704e4abd6c6012e2bbbdf50a
large,2,2,mosaicA.png,50,293407,1.2351,2.2249,62.6038,eb9d851a03909d2ffb56c1d11423f445
large,1,2,mosaicA.png,60,434926,2.3264,2.326,73.0939,5c8e26986c218532b50ff3b8ea8917de
kodak,3,2x2,kodim13.png,50,56660,0.1325,0.3108,58.9187,40369761befb6e9cc6c1d8abec106f59
kodak,8,none,kodim21.png,55,33458,0.099,0.2247,67.6227,9576bfd5f60e337236dceb130dda49a3
kodak,2,auto,kodim03.png,55,23255,0.1176,0.1998,71.7002,3de52072ac870617f8a795996e5c0751
large,8,none,mosaicB.png,40,173494,0.6274,1.7914,49.1185,3babbe48d4b7495f12a62bcd26598446
kodak,3,2x2,kodim19.png,70,59089,0.1103,0.2538,79.109,c6c124ae79f78c3e426c5c73ba629e1a
large,4,2,mosaicB.png,70,560937,0.8358,2.3767,79.9846,ade160b02f8770b6a553ac379826b17d
kodak,3,auto,kodim19.png,40,16386,0.0976,0.2015,44.3107,3fa609e577cb1c07cad715c6ad19cca0
large,4,2x2,mosaicB.png,60,399976,0.7588,2.2595,73.6596,769df4acd7502eb135b4d75003c58c13
kodak,1,2x2,kodim05.png,40,31005,0.3404,0.3401,49.5305,e822ec49f143e6920eb83811c4ff7ebe
kodak,3,auto,kodim01.png,80,113841,0.1705,0.3966,84.7378,293244fb9f3ab1bba37ec52af38f37bd
kodak,2,auto,kodim01.png,70,88244,0.2019,0.3646,79.5822,5e3490a04c63e5f7e80c628fff8f1ca6
kodak,1,auto,kodim05.png,65,73586,0.4282,0.4279,77.4869,97e168d9b4e6d5995f220e3b485f7eb9
kodak,3,auto,kodim08.png,70,88154,0.1841,0.4196,80.1081,de09c5a842061c3d97f4a9ccfce97548
kodak,1,2x2,kodim13.png,65,95364,0.3839,0.3836,75.3609,edbacf15e227788634a839fdce0e8277
kodak,8,none,kodim05.png,65,73680,0.1565,0.3966,77.4998,66dff0bfa9a61b09ef937cba4514b618
kodak,8,none,kodim15.png,65,39331,0.1057,0.2392,75.9321,164d07751926063a2e8dbc0ff5c8d7fe
kodak,4,auto,kodim23.png,40,11850,0.0713,0.1606,59.2057,83e41d3c719fce1bf3ec768e7df32d7d
kodak,1,none,kodim21.png,50,28227,0.2119,0.2117,63.8591,f0fe9f8d9f3dca42a700ca270a92a4e5
large,8,2x2,mosaicB.png,40,173080,0.6606,1.8613,49.2111,3e7232cb3e6c8c88b8d0666f3c0288bc
kodak,2,auto,kodim08.png,60,62100,0.2217,0.3968,73.4464,48f782be3fef8798600d45f16b60d75a
kodak,2,auto,kodim05.png,65,73680,0.2179,0.3983,77.4998,66dff0bfa9a61b09ef937cba4514b618
large,8,auto,mosaicB.png,80,742879,0.7869,2.4069,84.4529,38c286b3af40953ac40b81b6c1bd11be
kodak,2,auto,kodim01.png,60,60704,0.1821,0.3307,71.093,4dfaf6f76280dea7e0a3f452b296a1ee
kodak,2,auto,kodim15.png,70,48975,0.1461,0.2435,79.4673,e8c91646def445775fde6784a027d347
large,1,none,mosaicA.png,60,435899,2.3371,2.3363,73.0365,d42aa1443b4d854ced388f3e7f6170ae
kodak,4,auto,kodim20.png,65,32331,0.1524,0.4069,79.0844,d71948cf1b2e440c9be2723756aaae9b
kodak,4,2x2,kodim03.png,50,19768,0.0825,0.2002,67.6354,f432cfa394c6fb315b13cef0d9f81163
kodak,1,none,kodim08.png,80,114660,0.4128,0.4124,84.6715,65abaa243bd269da7a31a527247b2af4
kodak,1,auto,kodim08.png,65,70306,0.4278,0.4276,75.9492,9611e29b63d6005dffc19d2e85bca3c3
large,4,none,mosaicB.png,50,271171,0.7509,2.223,63.6161,9d84e2fc99943e62bf32443ef31249f1
kodak,2,none,kodim21.png,80,83122,0.1766,0.3002,83.3871,43c3834d51916ee9fedd7461e15e74c0
kodak,4,none,kodim08.png,80,114723,0.162,0.4525,84.6915,fcb7e4aa2500edc697a7de3974c467a2
kodak,2,none,kodim13.png,40,35318,0.1631,0.2954,40.4241,6207a6220b68263fb4f101fada403153
kodak,2,none,kodim05.png,60,64767,0.2201,0.4033,74.5074,6700235589bb3b862e497c43707fdf56
kodak,4,2x2,kodim08.png,55,50779,0.1393,0.4029,68.3798,fc02fc5f4a9649757daf6d2e95927273
kodak,2,auto,kodim13.png,50,56490,0.1745,0.3186,58.905,24173ffa717da116668ba2d13e4d9c27
kodak,2,2x2,kodim19.png,70,59089,0.1586,0.2777,79.109,c6c124ae79f78c3e426c5c73ba629e1a
large,2,none,mosaicA.png,50,294452,1.2268,2.203,62.4911,4ae2dfe4f3f9c49d94152a9cddf44e28
large,4,2,mosaicA.png,50,293407,0.7404,2.1472,62.6038,eb9d851a03909d2ffb56c1d11423f445
kodak,4,2x2,kodim08.png,65,70845,0.1511,0.4357,75.9649,e93240c2aece79d679957c8028d44717
kodak,8,auto,kodim03.png,80,50736,0.1117,0.2514,84.4777,1bb627133e037b78e85c0b64ce7793b4
kodak,4,none,kodim21.png,60,41481,0.0969,0.2422,72.7302,2d36a17d92ce5791b2cf885525314b04
kodak,8,auto,kodim20.png,50,19475,0.1344,0.3253,68.4079,5c079035c27b214c77a36b53e05b35c2
kodak,4,none,kodim19.png,60,41172,0.0931,0.2265,72.2636,8be12ca72a10e765c968a43e9321e47d
kodak,8,none,kodim21.png,70,60555,0.1316,0.303,78.9881,09fb2dddb62a805bf3723e3b45a72c5d
kodak,3,2x2,kodim01.png,50,40801,0.1386,0.3229,58.6818,b7f2fa25ed461089e58e598e09b98573
kodak,8,2x2,kodim19.png,60,41415,0.096,0.2458,72.1728,b9aad0780330cc5c0786f7d86d97baa2
kodak,3,auto,kodim15.png,40,14180,0.103,0.2035,49.8485,724e5f4a7b91c8b4e3f9134570375267
kodak,2,2x2,kodim21.png,55,33583,0.1284,0.2185,67.6419,1c3dd3d40f0e14bfc59efde5749e9ce6
kodak,1,auto,kodim01.png,55,48735,0.34,0.3397,64.9973,ca43e69c45ba32ee883a9cfb0fde52ef
kodak,1,auto,kodim13.png,80,148927,0.443,0.4426,85.6174,943c5be2ab75da5f3040b3c1120bc9bf
kodak,8,2x2,kodim05.png,60,65159,0.1552,0.4502,74.5972,ad19c1dbce4e7c11cf4bd03726d00183
kodak,3,2x2,kodim21.png,40,17898,0.0889,0.1956,49.4296,d1071181d59422d311ffa0a91ca91dd5
kodak,3,none,kodim21.png,65,47501,0.1138,0.2527,75.4027,3a10efcaa6d573bb84c1cef57d16a815
kodak,4,auto,kodim13.png,55,67596,0.1249,0.3394,65.1153,0e601ffce188d21f879e12ca82d6bfbd
kodak,2,auto,kodim08.png,55,50431,0.2012,0.3561,68.4206,517be095ce442c9c4313ed01081ed15d
kodak,1,auto,kodim21.png,60,41502,0.2497,0.2495,72.6141,e900f4e77607d5c7ebd6abeca3e16cb4
kodak,2,auto,kodim03.png,50,19670,0.1165,0.1991,67.6937,2294fb87a2e8b68434a619ac8a0fa060
kodak,4,2x2,kodim05.png,55,53753,0.1161,0.3581,69.1345,12666b7da44371269e5a5f533280781d
kodak,8,auto,kodim13.png,40,35318,0.1204,0.289,40.4241,6207a6220b68263fb4f101fada403153
kodak,1,auto,kodim15.png,65,39345,0.2245,0.2243,75.9611,23b5d622f1cdc5bf0a630de3bba5f71c
kodak,2,2x2,kodim23.png,65,28661,0.1147,0.1929,78.4758,8b8bb521e7cb86b7ae4594ee32cbb899
kodak,1,none,kodim21.png,40,17918,0.1847,0.1844,49.977,7a8cd7f697fdeab97fc20b1ebadd553a
kodak,2,none,kodim01.png,60,60704,0.1867,0.3391,71.093,4dfaf6f76280dea7e0a3f452b296a1ee
kodak,2,2x2,kodim19.png,55,32806,0.1402,0.2419,66.0077,03913474d0fca894312ff315e71ed4c1
kodak,2,2x2,kodim08.png,55,50779,0.2187,0.3872,68.3798,fc02fc5f4a9649757daf6d2e95927273
kodak,4,auto,kodim23.png,50,17853,0.0811,0.1902,69.7625,54429bea56eeb608d5c2e7dd42ae02d2
kodak,8,auto,kodim15.png,65,39331,0.1037,0.2328,75.9321,164d07751926063a2e8dbc0ff5c8d7fe
kodak,4,auto,kodim20.png,50,19475,0.1301,0.3176,68.4079,5c079035c27b214c77a36b53e05b35c2
kodak,3,none,kodim20.png,55,23150,0.1545,0.3333,72.035,c899d17eda1a252bb994b102a11b52ca
kodak,3,2x2,kodim19.png,40,16491,0.0923,0.2041,44.2216,56107119e59f2d1611dbe3b0d1561b5b
kodak,1,auto,kodim08.png,70,88164,0.402,0.4016,79.9776,cd2d2da4205796fb274393c10f47e865
kodak,3,auto,kodim03.png,80,50736,0.1085,0.23,84.4777,1bb627133e037b78e85c0b64ce7793b4
kodak,1,2x2,kodim13.png,60,84449,0.371,0.3707,72.0596,e3927fa499959e99ede096c1cfabb280
large,8,2x2,mosaicB.png,70,561480,0.7909,2.3386,80.0031,bf3f42c1f4ff93f33b1e686e2d9b74f8
kodak,1,2x2,kodim15.png,80,66965,0.2393,0.2391,83.92,7ce138fe27696ae04513db104fd05259
kodak,4,2x2,kodim03.png,40,12621,0.0704,0.1774,54.7219,ebb83e92a09bf5ebb4a74ad9c7e96340
kodak,3,2x2,kodim01.png,40,25354,0.1207,0.2801,42.1712,75caceee1449ecc16e3efd148ca4cad3
kodak,8,auto,kodim15.png,80,66652,0.1139,0.26,83.8828,ef233e27f40f256e666d25f596e17646
kodak,8,none,kodim23.png,40,11850,0.0838,0.1726,59.2057,83e41d3c719fce1bf3ec768e7df32d7d
large,4,auto,mosaicA.png,40,186685,0.6796,1.9775,47.5224,f88688eb4fb7f7227fd161cffda09f6d
kodak,2,2x2,kodim15.png,55,28199,0.1275,0.2104,68.6899,a10aeac26bad64f6a8d935edf5de0797
kodak,8,auto,kodim21.png,65,47501,0.1268,0.297,75.4027,3a10efcaa6d573bb84c1cef57d16a815
kodak,8,2x2,kodim01.png,60,61015,0.1146,0.3377,71.1521,ace2254231432a838002615aaf22e07e
kodak,8,auto,kodim23.png,40,11850,0.0833,0.1754,59.2057,83e41d3c719fce1bf3ec768e7df32d7d
kodak,1,2x2,kodim08.png,55,50790,0.3526,0.3524,68.4489,b4f10889553931f947b4a94a0af95d4f
kodak,1,2x2,kodim21.png,50,28240,0.2101,0.2098,63.6264,c768d6ee56278cc0ec51723eb9f0dfed
large,8,none,mosaicA.png,70,615202,0.8312,2.5055,79.8288,595dd732d813f007a3f962aa2460dd2e
kodak,3,2x2,kodim08.png,70,88530,0.1785,0.4396,80.0273,901429ea526dad8bb93a30c2b87b4a2a
kodak,1,2x2,kodim05.png,70,90450,0.3951,0.3948,81.3857,cb53391721dc66dd7c4a449b3dab3334
kodak,4,none,kodim01.png,70,88244,0.1214,0.3467,79.5822,5e3490a04c63e5f7e80c628fff8f1ca6
kodak,4,2x2,kodim01.png,40,25354,0.0889,0.2577,42.1712,75caceee1449ecc16e3efd148ca4cad3
kodak,3,none,kodim15.png,50,22886,0.1024,0.2109,64.0676,410018640781a8e83c8edc5b73bd2241
kodak,2,2x2,kodim05.png,50,45672,0.2114,0.3709,63.8471,4b120e5bc99b7170807a5efffd721b84
kodak,1,2x2,kodim15.png,40,14316,0.1882,0.188,50.0104,1efa70ae46ade4e70069679d2ac67672
kodak,8,none,kodim03.png,40,12488,0.0834,0.186,54.8712,516ef16ba9d3d5fa3fc0a304f2fe9d5b
kodak,1,2x2,kodim15.png,60,35213,0.2198,0.2195,73.571,cd938a67a4a5ce87b20779519c1265f3
kodak,8,auto,kodim21.png,50,28122,0.0997,0.2233,63.5443,b638d5c486487e5f1b330dca49ffe26a
kodak,4,2x2,kodim05.png,65,73950,0.1336,0.4171,77.4176,88be5c841650389edd9b01f60274e4b1
kodak,1,auto,kodim08.png,60,62236,0.3947,0.3944,73.3328,ef14e5de4e03053e53ac9ee7187adedb
kodak,4,2x2,kodim15.png,60,35107,0.0874,0.2238,73.5011,a085a30e8c1af50ff54d3963862b2d6e
kodak,3,2x2,kodim05.png,60,65159,0.1632,0.3956,74.5972,ad19c1dbce4e7c11cf4bd03726d00183
kodak,2,auto,kodim01.png,55,48699,0.1681,0.3057,64.9165,fdc0f40174d6872b22c9fc124ca0a0a6
kodak,3,2x2,kodim20.png,60,29052,0.151,0.3612,76.8834,c82e421ae87ba8c4d3b0ddf89b7aff11
kodak,8,auto,kodim13.png,70,117550,0.1669,0.4429,80.379,566bca8dd82784feecedf76baa8aa967
kodak,8,none,kodim08.png,50,42720,0.1498,0.3785,63.8948,8288de019887730f2331631ff54285d2
kodak,2,2x2,kodim05.png,40,31023,0.1981,0.3615,49.3559,9506adffb6390696f7e4dd3d2c93efef
kodak,3,2x2,kodim20.png,55,23261,0.1464,0.3521,72.2091,25c37189b3d81dff27037fbfc76afa24
kodak,2,auto,kodim08.png,65,70373,0.2207,0.3962,75.9632,1a76b4e7234e63173aaab4d00e54ddad
kodak,3,auto,kodim19.png,50,26985,0.1217,0.2451,60.7544,7075426d37284e3c49c9890ba21d851e
kodak,2,none,kodim08.png,80,114723,0.2431,0.4366,84.6915,fcb7e4aa2500edc697a7de3974c467a2
kodak,8,auto,kodim08.png,40,28347,0.1425,0.3433,50.8841,d737a9549f83fbd224f783927d15ad7d
kodak,2,none,kodim03.png,55,23255,0.1217,0.2068,71.7002,3de52072ac870617f8a795996e5c0751
kodak,8,auto,kodim05.png,40,30753,0.1465,0.3729,49.3746,a3db99712782137780a6d5daa7093379
kodak,4,auto,kodim15.png,60,34989,0.0939,0.2233,73.5058,10efae0e42e0668b4d44fd79741a00c7
kodak,2,auto,kodim01.png,50,40688,0.1631,0.2893,58.8636,5a4b1d63d4eab37de0407a2bffab0844
kodak,8,auto,kodim19.png,60,41172,0.1248,0.2718,72.2636,8be12ca72a10e765c968a43e9321e47d
large,8,auto,mosaicB.png,60,400461,0.7779,2.308,73.6119,65398f81cab18c59d9b9215c41380aed
large,3,2,mosaicB.png,60,399614,0.9742,2.3182,73.6789,911f58da82a6d57dd53a86f83661db40
kodak,3,auto,kodim23.png,50,17853,0.0881,0.1727,69.7625,54429bea56eeb608d5c2e7dd42ae02d2
large,8,2,mosaicA.png,40,185882,0.7101,1.9654,47.6068,fd8dff7c8a62e1457ffabfb2fcd6a00f
kodak,4,none,kodim01.png,60,60704,0.1191,0.3315,71.093,4dfaf6f76280dea7e0a3f452b296a1ee
kodak,8,2x2,kodim13.png,80,149051,0.1433,0.4327,85.5431,270e888e9a904bcfd3098ec7023c9f5a
kodak,4,auto,kodim05.png,40,30753,0.1275,0.3592,49.3746,a3db99712782137780a6d5daa7093379
kodak,2,auto,kodim08.png,40,28347,0.1795,0.3181,50.8841,d737a9549f83fbd224f783927d15ad7d
kodak,3,auto,kodim03.png,60,28261,0.1008,0.2113,75.8615,bcd044ebf6efc232dd4eb332b046827a
large,4,none,mosaicB.png,60,400461,0.7802,2.2965,73.6119,65398f81cab18c59d9b9215c41380aed
large,8,none,mosaicA.png,60,436196,0.8072,2.4653,73.0896,a312d0d3ebc409fa9a9a2d7c75ef7478
large,3,2,mosaicB.png,40,172739,0.8159,1.8951,49.2461,d0d1938083bf8d84c642a991b0702982
kodak,4,2x2,kodim01.png,70,88320,0.1205,0.3647,79.5525,e9fb1a0813b19b7b70a6c1db7536ebc8
kodak,1,none,kodim01.png,55,48735,0.3109,0.3107,64.9973,ca43e69c45ba32ee883a9cfb0fde52ef
kodak,1,2x2,kodim19.png,55,32963,0.2176,0.2174,66.3974,8c303df572561db12abb82136ba82e7d
kodak,2,auto,kodim15.png,55,27983,0.135,0.2295,68.8395,34692daf05ba6209f2a670ba2ba86f0c
kodak,1,2x2,kodim21.png,70,60884,0.2681,0.2679,78.9691,6149fbf67f858c7bdc89cefa6b0f904e
kodak,2,2x2,kodim03.png,65,31732,0.1178,0.1948,77.5578,ee994009cbf120b4b758be9c68371cd1
kodak,3,2x2,kodim15.png,50,23054,0.1101,0.2373,64.0969,330633295e128858b8317bd6ef4160ef
kodak,4,auto,kodim01.png,80,113841,0.1519,0.4309,84.7378,293244fb9f3ab1bba37ec52af38f37bd
kodak,8,none,kodim19.png,55,32717,0.1117,0.2512,66.2084,cfeb9ac53d40c3b0e3c13fa05e932184
kodak,1,none,kodim21.png,60,41502,0.2444,0.2441,72.6141,e900f4e77607d5c7ebd6abeca3e16cb4
kodak,8,none,kodim08.png,70,88154,0.1615,0.4356,80.1081,de09c5a842061c3d97f4a9ccfce97548
kodak,3,auto,kodim08.png,50,42720,0.1601,0.363,63.8948,8288de019887730f2331631ff54285d2
kodak,1,2x2,kodim08.png,80,115203,0.4118,0.4115,84.7113,170ab95f17b86a5ebdb952a22e887c46
large,3,2x2,mosaicB.png,40,173080,0.8124,1.8598,49.2111,3e7232cb3e6c8c88b8d0666f3c0288bc
kodak,3,2x2,kodim20.png,40,12543,0.1186,0.2661,55.1299,1317a91b38774a091e004753a45cf78b
kodak,3,2x2,kodim05.png,70,90207,0.173,0.4138,81.3136,c2f2f26b9b8461fe1699c6786a2b048f
kodak,2,auto,kodim21.png,40,17835,0.1141,0.1855,49.2289,627f10e218311e223c4e82e49fb43ca9
kodak,1,none,kodim19.png,60,41239,0.2449,0.2446,72.3438,68a535a3618e317c1cf9f73b458661e1
kodak,3,2x2,kodim08.png,50,43037,0.1593,0.3619,63.7309,9295973e2e10b5337847967ddbb1fb41
kodak,8,none,kodim01.png,65,70279,0.1384,0.3797,74.6334,fc63104194097f068609aef79ca502bc
kodak,8,auto,kodim08.png,50,42720,0.1465,0.3634,63.8948,8288de019887730f2331631ff54285d2
kodak,2,2x2,kodim01.png,65,70468,0.2015,0.3632,74.6702,7c9c9c3e554822a1343c6c59ca106d4a
large,3,2x2,mosaicA.png,80,805813,1.0522,2.5649,84.4971,42014794df6de97ed0c603c71d5e96e3
kodak,2,2x2,kodim21.png,60,41610,0.1411,0.2376,72.6217,7bffb26da3c9c3e667cafcf99c053341
kodak,3,none,kodim23.png,60,25358,0.088,0.1788,76.6959,93859195c526149052b852c87878c12b
kodak,3,none,kodim20.png,40,12415,0.1217,0.2579,55.0763,e497495a3dd47b148ec8a8fcda754d1a
kodak,8,none,kodim19.png,50,26985,0.1024,0.2317,60.7544,7075426d37284e3c49c9890ba21d851e
large,4,2x2,mosaicB.png,70,561480,0.7663,2.3285,80.0031,bf3f42c1f4ff93f33b1e686e2d9b74f8
kodak,3,auto,kodim03.png,40,12488,0.0983,0.1955,54.8712,516ef16ba9d3d5fa3fc0a304f2fe9d5b
kodak,1,2x2,kodim21.png,65,47711,0.2544,0.2542,75.3793,34e88dad9ed78b0b35e48d30c40b075d
kodak,3,auto,kodim20.png,70,40220,0.1886,0.418,82.2547,5a54ce49143a6570b83b11fef8dc8aa6
large,2,2,mosaicA.png,40,185882,1.0869,1.927,47.6068,fd8dff7c8a62e1457ffabfb2fcd6a00f
kodak,1,auto,kodim15.png,40,14193,0.1866,0.1863,49.9014,059ab8e3d5f63287e2cd407891bf8b07
kodak,8,none,kodim03.png,50,19670,0.095,0.1972,67.6937,2294fb87a2e8b68434a619ac8a0fa060
kodak,2,auto,kodim03.png,65,31539,0.1191,0.2023,77.5316,68e7a6c3fdea41793c208b7b1553bf3c
large,4,auto,mosaicB.png,40,173494,0.6527,1.8636,49.1185,3babbe48d4b7495f12a62bcd26598446
kodak,8,auto,kodim23.png,65,28436,0.0891,0.2002,78.4062,373689ac6aaef5d4179319d3bad6fd0b
kodak,2,none,kodim15.png,55,27983,0.1336,0.2227,68.8395,34692daf05ba6209f2a670ba2ba86f0c
kodak,4,auto,kodim13.png,60,84221,0.1432,0.3949,72.0136,155b7071172b327ef81c3407ff26cae7
kodak,1,2x2,kodim01.png,40,25520,0.2517,0.2514,42.564,73e6b7e88aaca21d6f8a879919771b37
kodak,2,auto,kodim15.png,60,34989,0.1415,0.2309,73.5058,10efae0e42e0668b4d44fd79741a00c7
kodak,4,none,kodim01.png,50,40688,0.1067,0.2984,58.8636,5a4b1d63d4eab37de0407a2bffab0844
kodak,8,2x2,kodim23.png,50,17986,0.0762,0.1843,69.8138,4d0b5a26e61d6f7d7398e0b0c250051b
kodak,1,none,kodim20.png,65,32386,0.3622,0.3619,79.1626,dbd35e2b80419c9e0792c9e11143f216
kodak,3,auto,kodim20.png,40,12415,0.119,0.2523,55.0763,e497495a3dd47b148ec8a8fcda754d1a
kodak,8,2x2,kodim08.png,65,70845,0.149,0.4377,75.9649,e93240c2aece79d679957c8028d44717
kodak,2,auto,kodim08.png,50,42720,0.1987,0.3525,63.8948,8288de019887730f2331631ff54285d2
kodak,8,2x2,kodim21.png,70,60692,0.114,0.2851,78.9102,4d41115c38bc341b20246dc437e0ac6b
kodak,4,auto,kodim23.png,70,35122,0.0873,0.2151,80.9167,100a8a39533c4009bd86c91f7cb32826
kodak,1,none,kodim05.png,80,115280,0.4091,0.4088,85.9298,35bc07cf287533af8de8fb826d5d8f22
kodak,1,auto,kodim15.png,50,22911,0.2027,0.2025,64.0327,56a1bb56a404d9a29488893030418a32
kodak,2,none,kodim01.png,65,70279,0.2012,0.3671,74.6334,fc63104194097f068609aef79ca502bc
large,1,2,mosaicA.png,80,804963,2.3939,2.3936,84.4883,823d456ca68a723aefeef491ff8e8ae4
kodak,1,none,kodim05.png,55,53525,0.3959,0.3956,69.2055,297519142f1c0332191ba3aec3d34838
kodak,2,2x2,kodim15.png,80,66928,0.16,0.2697,83.9397,e5fd5df3ba7686c00e8c08ffe10176c6
kodak,1,2x2,kodim15.png,70,49223,0.2266,0.2263,79.4465,fa669da566c2c36c1f9cac68397cba72
kodak,4,auto,kodim15.png,80,66652,0.1081,0.2637,83.8828,ef233e27f40f256e666d25f596e17646
kodak,8,none,kodim19.png,65,46602,0.1133,0.2556,74.9621,e4407567da99e6d87bde70838e328fde
kodak,2,auto,kodim03.png,60,28261,0.1192,0.2014,75.8615,bcd044ebf6efc232dd4eb332b046827a
large,1,2,mosaicB.png,60,399444,2.1815,2.1812,73.6751,7325ed3ffb76ed4219aa0ca7a99c9648
large,1,2x2,mosaicA.png,60,435240,2.3827,2.3818,73.0698,bcc85ddca637ac05dccfa1cdcc0fb623
kodak,8,2x2,kodim21.png,40,17898,0.0909,0.2102,49.4296,d1071181d59422d311ffa0a91ca91dd5
kodak,1,2x2,kodim20.png,55,23315,0.3234,0.323,72.317,d175c3e95310b19b2dc7e77acb8daf89
kodak,8,none,kodim08.png,55,50431,0.1597,0.3881,68.4206,517be095ce442c9c4313ed01081ed15d
kodak,3,auto,kodim03.png,65,31539,0.1038,0.2147,77.5316,68e7a6c3fdea41793c208b7b1553bf3c
kodak,4,none,kodim19.png,40,16386,0.0895,0.2024,44.3107,3fa609e577cb1c07cad715c6ad19cca0
kodak,1,auto,kodim20.png,80,54248,0.4972,0.4969,85.9627,124074963c9b949cddbc11c96d77dd63
large,8,auto,mosaicA.png,80,806841,0.8439,2.5874,84.4978,21125df446ea9287d368dbf4f87fdb3a
kodak,4,2x2,kodim20.png,65,32521,0.1312,0.3875,79.007,c6413b0350e3ff221d0fa00c75c05ab6
kodak,1,2x2,kodim20.png,70,40423,0.4075,0.4072,82.3298,eee50c02463fc2a17be518f7374083e3
kodak,4,auto,kodim03.png,80,50736,0.1054,0.2434,84.4777,1bb627133e037b78e85c0b64ce7793b4
kodak,8,none,kodim08.png,65,70373,0.1655,0.4368,75.9632,1a76b4e7234e63173aaab4d00e54ddad
kodak,1,auto,kodim05.png,50,45413,0.373,0.3728,63.9454,29aead4e69631c94aa0a79ca5d7adaeb
kodak,2,2x2,kodim13.png,60,84318,0.2163,0.3865,71.938,497eaa82f933a3c73a13324896aa6fe0
kodak,2,auto,kodim19.png,55,32717,0.1373,0.2263,66.2084,cfeb9ac53d40c3b0e3c13fa05e932184
kodak,8,none,kodim03.png,65,31539,0.109,0.2337,77.5316,68e7a6c3fdea41793c208b7b1553bf3c
kodak,1,none,kodim13.png,40,35523,0.2862,0.2859,40.7091,a1dcc06b6f161534e2004eab6ecd3b0c
kodak,4,none,kodim03.png,65,31539,0.0903,0.2025,77.5316,68e7a6c3fdea41793c208b7b1553bf3c
kodak,3,none,kodim08.png,40,28347,0.1555,0.3459,50.8841,d737a9549f83fbd224f783927d15ad7d
kodak,2,none,kodim01.png,80,113841,0.2028,0.3673,84.7378,293244fb9f3ab1bba37ec52af38f37bd
kodak,4,2x2,kodim05.png,80,115803,0.1423,0.4516,85.9819,1a3c9592d4b6565b925fdf73280f3feb
kodak,2,none,kodim23.png,55,21149,0.1134,0.1903,73.3007,3768a510c8bca8d67d87878468689472
kodak,8,none,kodim20.png,40,12415,0.1111,0.2537,55.0763,e497495a3dd47b148ec8a8fcda754d1a
large,2,auto,mosaicA.png,70,615202,1.3631,2.4739,79.8288,595dd732d813f007a3f962aa2460dd2e
kodak,8,2x2,kodim21.png,65,47641,0.1083,0.2599,75.1782,92dbd1d9d4e2c2c346a44c0f2d486615
kodak,3,auto,kodim08.png,60,62100,0.1706,0.402,73.4464,48f782be3fef8798600d45f16b60d75a
kodak,1,2x2,kodim03.png,80,50912,0.2212,0.221,84.4759,c0fc53a12063acbcfc6c13f00e0cb9c4
large,4,none,mosaicB.png,80,742879,0.8065,2.4628,84.4529,38c286b3af40953ac40b81b6c1bd11be
kodak,8,none,kodim05.png,80,115301,0.1718,0.4524,85.9175,5fab7ea18dbd98107c7b3e920a9552c5
kodak,2,none,kodim23.png,70,35122,0.1141,0.1912,80.9167,100a8a39533c4009bd86c91f7cb32826
kodak,1,none,kodim01.png,70,88299,0.3639,0.3636,79.627,26e85858a5f9465b97b3dd1991bccfd2
kodak,3,auto,kodim15.png,55,27983,0.107,0.2221,68.8395,34692daf05ba6209f2a670ba2ba86f0c
kodak,4,none,kodim20.png,65,32331,0.1577,0.3917,79.0844,d71948cf1b2e440c9be2723756aaae9b
kodak,3,2x2,kodim03.png,40,12621,0.0899,0.1907,54.7219,ebb83e92a09bf5ebb4a74ad9c7e96340
kodak,2,auto,kodim13.png,55,67596,0.1932,0.3433,65.1153,0e601ffce188d21f879e12ca82d6bfbd
kodak,3,none,kodim13.png,40,35318,0.1285,0.282,40.4241,6207a6220b68263fb4f101fada403153
kodak,1,2x2,kodim08.png,40,28638,0.3292,0.3289,50.3718,9227c7f24279b048f9f1ae5ad371aac7
kodak,3,auto,kodim08.png,40,28347,0.1532,0.3406,50.8841,d737a9549f83fbd224f783927d15ad7d
kodak,2,none,kodim19.png,65,46602,0.1438,0.2402,74.9621,e4407567da99e6d87bde70838e328fde
kodak,2,auto,kodim20.png,55,23150,0.1818,0.3205,72.035,c899d17eda1a252bb994b102a11b52ca
kodak,8,2x2,kodim05.png,65,73950,0.1394,0.421,77.4176,88be5c841650389edd9b01f60274e4b1
kodak,3,none,kodim19.png,40,16386,0.0947,0.1939,44.3107,3fa609e577cb1c07cad715c6ad19cca0
kodak,8,2x2,kodim19.png,50,27128,0.0921,0.2327,60.8031,ed6ed86f45e2d4020f485c57b6845268
large,3,none,mosaicA.png,80,806841,0.9984,2.4698,84.4978,21125df446ea9287d368dbf4f87fdb3a
large,1,auto,mosaicB.png,60,400578,2.2501,2.2496,73.6603,795b6d6ada6e31fe080a79403f12d9fd
kodak,4,auto,kodim03.png,50,19670,0.0913,0.211,67.6937,2294fb87a2e8b68434a619ac8a0fa060
kodak,1,2x2,kodim03.png,70,38197,0.1938,0.1936,80.5324,9b7bf8eb19d7b6c3cc0c23c6bd62b2bb
kodak,3,auto,kodim15.png,80,66652,0.1248,0.2697,83.8828,ef233e27f40f256e666d25f596e17646
large,3,auto,mosaicB.png,80,742879,0.9862,2.4451,84.4529,38c286b3af40953ac40b81b6c1bd11be
kodak,4,auto,kodim21.png,50,28122,0.0922,0.2232,63.5443,b638d5c486487e5f1b330dca49ffe26a
kodak,4,2x2,kodim13.png,70,117673,0.138,0.3954,80.3248,b735ab3cbe8d9c59e71b2fd40273990c
kodak,4,none,kodim13.png,50,56490,0.1249,0.3518,58.905,24173ffa717da116668ba2d13e4d9c27
kodak,8,2x2,kodim13.png,70,117673,0.1451,0.4184,80.3248,b735ab3cbe8d9c59e71b2fd40273990c
kodak,1,auto,kodim01.png,80,113938,0.4175,0.4172,84.7479,5d8b78fcc1c8e2d295220945657cdf14
kodak,3,2x2,kodim23.png,50,17986,0.0854,0.18,69.8138,4d0b5a26e61d6f7d7398e0b0c250051b
kodak,1,none,kodim20.png,70,40336,0.4041,0.4038,82.2106,99143facbf85ce1ae9c679bb6af65273
kodak,2,2x2,kodim15.png,50,23054,0.1305,0.2202,64.0969,330633295e128858b8317bd6ef4160ef
kodak,1,auto,kodim01.png,40,25401,0.2518,0.2515,42.771,7b6721a15608e67d401b60bbcf199ba2
kodak,8,2x2,kodim15.png,55,28199,0.0886,0.2243,68.6899,a10aeac26bad64f6a8d935edf5de0797
kodak,3,2x2,kodim15.png,40,14325,0.0945,0.1995,50.0424,5f47850e777be687e2067c393570c233
kodak,8,2x2,kodim13.png,50,56660,0.1373,0.4049,58.9187,40369761befb6e9cc6c1d8abec106f59
kodak,1,auto,kodim01.png,65,70419,0.3715,0.3709,74.6699,6cf69aa781849c4a1711203be7a9f6f2
kodak,1,auto,kodim20.png,50,19488,0.3089,0.3087,68.1765,af11e4b5d0e0423786e0f351d8b37265
kodak,4,auto,kodim08.png,55,50431,0.1452,0.3845,68.4206,517be095ce442c9c4313ed01081ed15d
large,4,auto,mosaicA.png,80,806841,0.8627,2.6299,84.4978,21125df446ea9287d368dbf4f87fdb3a
kodak,2,none,kodim05.png,70,89998,0.2396,0.4314,81.2615,57fddeeb66d33252804d7bc916f7c032
kodak,8,2x2,kodim01.png,50,40801,0.1196,0.3374,58.6818,b7f2fa25ed461089e58e598e09b98573
kodak,4,none,kodim05.png,70,89998,0.1438,0.4153,81.2615,57fddeeb66d33252804d7bc916f7c032
kodak,2,none,kodim15.png,60,34989,0.1403,0.231,73.5058,10efae0e42e0668b4d44fd79741a00c7
kodak,8,auto,kodim01.png,55,48699,0.132,0.3246,64.9165,fdc0f40174d6872b22c9fc124ca0a0a6
kodak,2,none,kodim13.png,80,148800,0.2519,0.4568,85.4717,04536de3129373675ece6ff8fa467608
kodak,1,auto,kodim13.png,70,117686,0.4157,0.4155,80.4008,7bb9e4003089cbec445996f490d423f8
kodak,4,none,kodim05.png,40,30753,0.1281,0.375,49.3746,a3db99712782137780a6d5daa7093379
kodak,4,2x2,kodim08.png,70,88530,0.1466,0.4355,80.0273,901429ea526dad8bb93a30c2b87b4a2a
kodak,2,2x2,kodim01.png,80,113955,0.2194,0.3969,84.7254,3c20d2d30a092a5657076a9a6c603b9d
kodak,4,auto,kodim03.png,55,23255,0.0884,0.2069,71.7002,3de52072ac870617f8a795996e5c0751
kodak,8,2x2,kodim08.png,50,43037,0.1306,0.3733,63.7309,9295973e2e10b5337847967ddbb1fb41
kodak,1,auto,kodim13.png,40,35523,0.2918,0.2916,40.7091,a1dcc06b6f161534e2004eab6ecd3b0c
kodak,3,auto,kodim08.png,65,70373,0.1867,0.4329,75.9632,1a76b4e7234e63173aaab4d00e54ddad
kodak,8,none,kodim15.png,40,14180,0.1066,0.2229,49.8485,724e5f4a7b91c8b4e3f9134570375267
kodak,3,auto,kodim01.png,70,88244,0.1483,0.3462,79.5822,5e3490a04c63e5f7e80c628fff8f1ca6
kodak,1,auto,kodim19.png,60,41239,0.2326,0.2323,72.3438,68a535a3618e317c1cf9f73b458661e1
kodak,3,2x2,kodim01.png,70,88320,0.1474,0.3474,79.5525,e9fb1a0813b19b7b70a6c1db7536ebc8
kodak,3,2x2,kodim05.png,80,115803,0.1828,0.4505,85.9819,1a3c9592d4b6565b925fdf73280f3feb
kodak,2,2x2,kodim08.png,65,70845,0.2308,0.413,75.9649,e93240c2aece79d679957c8028d44717
large,4,2,mosaicB.png,40,172739,0.6686,1.8368,49.2461,d0d1938083bf8d84c642a991b0702982
kodak,8,auto,kodim13.png,65,95206,0.1588,0.4215,75.3247,49f7143490d36b7c48041ebee7303d4b
kodak,1,none,kodim08.png,60,62236,0.3815,0.3812,73.3328,ef14e5de4e03053e53ac9ee7187adedb
large,8,none,mosaicB.png,80,742879,0.8283,2.5125,84.4529,38c286b3af40953ac40b81b6c1bd11be
large,1,2,mosaicA.png,50,293577,2.0941,2.0933,62.6351,dee725be78e0edb7b047f47e0a73eb0c
large,1,2,mosaicB.png,50,270689,2.02,2.0196,63.739,37e310415d92908cc3cb0bb233795f33
large,3,2,mosaicB.png,70,560937,1.0223,2.4179,79.9846,ade160b02f8770b6a553ac379826b17d
kodak,8,auto,kodim19.png,40,16386,0.0952,0.2013,44.3107,3fa609e577cb1c07cad715c6ad19cca0
kodak,8,auto,kodim20.png,40,12415,0.1073,0.2491,55.0763,e497495a3dd47b148ec8a8fcda754d1a
large,8,2x2,mosaicA.png,80,805813,0.8363,2.5428,84.4971,42014794df6de97ed0c603c71d5e96e3
kodak,4,2x2,kodim21.png,60,41610,0.0949,0.2499,72.6217,7bffb26da3c9c3e667cafcf99c053341
kodak,3,none,kodim20.png,50,19475,0.1493,0.3232,68.4079,5c079035c27b214c77a36b53e05b35c2
large,3,none,mosaicA.png,40,186685,0.8365,1.9833,47.5224,f88688eb4fb7f7227fd161cffda09f6d
kodak,1,none,kodim03.png,80,50789,0.2357,0.2355,84.5267,98180ce3a283ae0a0f321bd0ae524a1a
kodak,8,auto,kodim21.png,80,83122,0.1298,0.3011,83.3871,43c3834d51916ee9fedd7461e15e74c0
large,2,none,mosaicB.png,50,271171,1.1838,2.1087,63.6161,9d84e2fc99943e62bf32443ef31249f1
kodak,3,none,kodim21.png,60,41481,0.1107,0.2355,72.7302,2d36a17d92ce5791b2cf885525314b04
kodak,8,auto,kodim01.png,70,88244,0.1504,0.3903,79.5822,5e3490a04c63e5f7e80c628fff8f1ca6
large,2,2x2,mosaicA.png,70,614310,1.3865,2.473,79.8893,bd23cb68663f9c069633f0b1cdde938b
